_id;ingresoId;tupaId;cantidad;importe;igv;detalle;createdAt;updatedAt;__v
1;38575;0001;1;15;0;;;;0
2;38575;0014;1;10;0;;;;
3;38576;0001;1;15;0;;;;
4;38576;0014;1;10;0;;;;
5;38578;0009;2;0.2;0;;;;
6;38579;0001;1;15;0;;;;
7;38579;0014;1;10;0;;;;
8;38580;0044;1;15;0;;;;
9;38581;0001;1;15;0;;;;
10;38581;0014;1;10;0;;;;
11;38582;0003;4;15;0;;;;
12;38582;0035;1;9;0;;;;
13;38583;0001;1;15;0;;;;
14;38583;0014;1;10;0;;;;
15;38584;0001;1;15;0;;;;
16;38584;0018;1;10;0;;;;
17;38585;0003;2;15;0;;;;
18;38585;0035;1;9;0;;;;
19;38586;0001;1;15;0;;;;
20;38586;0014;1;10;0;;;;
21;38587;0001;1;15;0;;;;
22;38587;0014;1;10;0;;;;
23;38588;0001;1;15;0;;;;
24;38588;0014;1;10;0;;;;
25;38589;0001;1;15;0;;;;
26;38589;0014;1;10;0;;;;
27;38590;0001;1;15;0;;;;
28;38590;0014;1;10;0;;;;
29;38591;0003;2;15;0;;;;
30;38591;0035;1;9;0;;;;
31;38592;0044;1;15;0;;;;
32;38593;0003;2;15;0;;;;
33;38593;0035;1;9;0;;;;
34;38594;0001;1;15;0;;;;
35;38594;0014;1;10;0;;;;
36;38595;0003;2;15;0;;;;
37;38595;0035;1;9;0;;;;
38;38597;0003;2;15;0;;;;
39;38597;0035;1;9;0;;;;
40;38598;0003;3;15;0;;;;
41;38598;0035;1;9;0;;;;
42;38599;0003;3;15;0;;;;
43;38599;0035;1;9;0;;;;
44;38600;0003;4;15;0;;;;
45;38600;0035;1;9;0;;;;
46;38601;0001;1;15;0;;;;
47;38601;0014;1;10;0;;;;
48;38602;0001;1;15;0;;;;
49;38602;0014;1;10;0;;;;
50;38603;0001;1;15;0;;;;
51;38603;0014;1;10;0;;;;
52;38604;0009;3;0.2;0;;;;
53;38605;0001;1;15;0;;;;
54;38605;0014;1;10;0;;;;
55;38606;0001;1;15;0;;;;
56;38606;0014;1;10;0;;;;
57;38607;0001;1;15;0;;;;
58;38607;0014;1;10;0;;;;
59;38608;0001;1;15;0;;;;
60;38608;0014;1;10;0;;;;
61;38609;0003;3;15;0;;;;
62;38609;0035;1;9;0;;;;
63;38610;0001;1;15;0;;;;
64;38610;0014;1;10;0;;;;
65;38611;0001;1;15;0;;;;
66;38611;0014;1;10;0;;;;
67;38612;0001;1;15;0;;;;
68;38612;0014;1;10;0;;;;
69;38613;0001;1;15;0;;;;
70;38613;0014;1;10;0;;;;
71;38614;0003;2;15;0;;;;
72;38614;0035;1;9;0;;;;
73;38615;0044;1;15;0;S;;;
74;38616;0001;1;15;0;;;;
75;38616;0014;1;10;0;;;;
76;38617;0001;1;15;0;;;;
77;38617;0014;1;10;0;;;;
78;38618;0001;1;15;0;;;;
79;38618;0014;1;10;0;;;;
80;38619;0003;3;15;0;;;;
81;38619;0035;1;9;0;;;;
82;38620;0003;2;15;0;;;;
83;38620;0035;1;9;0;;;;
84;38621;0003;2;15;0;;;;
85;38621;0035;1;9;0;;;;
86;38622;0003;2;15;0;;;;
87;38622;0035;1;9;0;;;;
88;38623;0001;1;15;0;;;;
89;38623;0014;1;10;0;;;;
90;38624;0003;2;15;0;;;;
91;38624;0035;1;9;0;;;;
92;38625;0001;1;15;0;;;;
93;38625;0014;1;10;0;;;;
94;38626;0001;1;15;0;;;;
95;38626;0014;1;10;0;;;;
96;38627;0001;1;15;0;;;;
97;38627;0014;1;10;0;;;;
98;38628;0001;1;15;0;;;;
99;38628;0014;1;10;0;;;;
100;38629;0023;1;10;0;NOTARIO-ARMANDO ZEGARAR AÑO-1961;;;
101;38630;0001;1;15;0;;;;
102;38630;0014;1;10;0;;;;
103;38631;0001;1;15;0;;;;
104;38631;0014;1;10;0;;;;
105;38632;0001;1;15;0;;;;
106;38632;0014;1;10;0;;;;
107;38633;0001;2;15;0;;;;
108;38633;0035;1;9;0;;;;
109;38634;0001;1;15;0;;;;
110;38634;0014;1;10;0;;;;
111;38635;0044;1;15;0;;;;
112;38636;0044;1;15;0;;;;
113;38637;0001;1;15;0;;;;
114;38637;0014;1;10;0;;;;
115;38638;0044;1;15;0;;;;
116;38639;0001;1;15;0;;;;
117;38639;0018;1;10;0;;;;
118;38641;0003;4;15;0;;;;
119;38642;0001;1;15;0;;;;
120;38642;0019;1;10;0;;;;
121;38643;0003;4;15;0;;;;
122;38644;0003;3;15;0;;;;
123;38644;0035;1;9;0;;;;
124;38645;0001;1;15;0;;;;
125;38645;0014;1;10;0;;;;
126;38646;0044;1;15;0;;;;
127;38647;0001;1;15;0;;;;
128;38647;0018;1;10;0;;;;
129;38648;0001;1;15;0;;;;
130;38648;0018;1;10;0;;;;
131;38650;0001;1;15;0;;;;
132;38650;0014;1;10;0;;;;
133;38651;0003;2;15;0;;;;
134;38651;0035;1;9;0;;;;
135;38652;0001;1;15;0;;;;
136;38652;0014;1;10;0;;;;
137;38653;0001;1;15;0;;;;
138;38653;0014;1;10;0;;;;
139;38654;0001;1;15;0;;;;
140;38654;0014;1;10;0;;;;
141;38655;0014;1;10;0;;;;
142;38655;0001;1;15;0;;;;
143;38656;0003;2;15;0;;;;
144;38656;0035;1;9;0;;;;
145;38657;0003;3;15;0;;;;
146;38657;0035;1;9;0;;;;
147;38658;0001;1;15;0;;;;
148;38658;0014;1;10;0;;;;
149;38659;0009;3;0.2;0;;;;
150;38660;0001;1;15;0;;;;
151;38660;0014;1;10;0;;;;
152;38661;0003;2;15;0;;;;
153;38661;0035;1;9;0;;;;
154;38662;0001;1;15;0;;;;
155;38662;0014;1;10;0;;;;
156;38663;0003;4;15;0;;;;
157;38664;0009;2;0.2;0;;;;
158;38665;0001;1;15;0;;;;
159;38665;0015;1;10;0;;;;
160;38666;0001;1;15;0;;;;
161;38666;0014;1;10;0;;;;
162;38667;0009;16;0.2;0;;;;
163;38668;0003;3;15;0;;;;
164;38669;0023;1;10;0;NOTARIO ANIBAL MACASI-AÑO 1973;;;
165;38670;0001;1;15;0;;;;
166;38670;0014;1;10;0;;;;
167;38671;0003;2;15;0;;;;
168;38671;0035;1;9;0;;;;
169;38672;0003;3;15;0;;;;
170;38672;0035;1;9;0;;;;
171;38673;0003;2;15;0;;;;
172;38673;0035;1;9;0;;;;
173;38674;0023;1;10;0;NOTARIO-ROLANDO ROKJAS ARROYO AÑO-1973;;;
174;38675;0001;1;15;0;;;;
175;38675;0014;1;10;0;;;;
176;38676;0001;1;15;0;;;;
177;38676;0014;1;10;0;;;;
178;38677;0003;2;15;0;;;;
179;38678;0001;1;15;0;;;;
180;38678;0014;1;10;0;;;;
181;38679;0023;1;10;0;NOTARIO-EMILIO ORIHUELA AÑO-1973;;;
182;38680;0001;1;15;0;;;;
183;38680;0014;1;10;0;;;;
184;38681;0001;1;15;0;;;;
185;38681;0014;1;10;0;;;;
186;38682;0003;5;15;0;;;;
187;38682;0035;1;9;0;;;;
188;38683;0003;6;15;0;IGLESIA CASA DE ORACION;;;
189;38683;0035;1;9;0;;;;
190;38685;0003;7;15;0;IGLESIA CASA DE ORACION;;;
191;38685;0035;1;9;0;;;;
192;38686;0001;1;15;0;;;;
193;38686;0014;1;10;0;;;;
194;38687;0001;1;15;0;;;;
195;38687;0008;1;10;0;;;;
196;38688;0001;1;15;0;;;;
197;38688;0008;1;10;0;;;;
198;38689;0023;1;10;0;NOTARIO.ITALO ALBERTO GREGORI CORNEJO AÑO 1973;;;
199;38690;0003;2;15;0;;;;
200;38690;0035;1;9;0;;;;
201;38691;0001;1;15;0;;;;
202;38691;0014;1;10;0;;;;
203;38692;0001;1;15;0;;;;
204;38692;0014;1;10;0;;;;
205;38693;0023;1;10;0;NOTARIAO AÑO-1968 FRANCISCO ZEBALLOS;;;
206;38694;0001;1;15;0;;;;
207;38694;0014;1;10;0;;;;
208;38695;0003;2;15;0;;;;
209;38695;0035;1;9;0;;;;
210;38696;0003;2;15;0;;;;
211;38696;0035;1;9;0;;;;
212;38697;0003;3;15;0;;;;
213;38697;0035;1;9;0;;;;
214;38698;0001;1;15;0;;;;
215;38698;0014;1;10;0;;;;
216;38699;0009;1;0.2;0;;;;
217;38700;0044;1;15;0;;;;
218;38701;0044;1;15;0;;;;
219;38702;0001;1;15;0;;;;
220;38702;0014;1;10;0;;;;
221;38703;0003;3;15;0;;;;
222;38703;0035;1;9;0;;;;
223;38704;0001;1;15;0;;;;
224;38704;0014;1;10;0;;;;
225;38705;0001;1;15;0;;;;
226;38705;0014;1;10;0;;;;
227;38706;0001;1;15;0;;;;
228;38706;0015;1;10;0;;;;
229;38707;0001;1;15;0;;;;
230;38707;0014;1;10;0;;;;
231;38708;0001;1;15;0;;;;
232;38708;0014;1;10;0;;;;
233;38709;0001;1;15;0;;;;
234;38709;0014;1;10;0;;;;
235;38711;0001;1;15;0;;;;
236;38711;0014;1;10;0;;;;
237;38712;0003;2;15;0;;;;
238;38712;0035;1;9;0;;;;
239;38713;0003;2;15;0;;;;
240;38713;0035;1;9;0;;;;
241;38714;0003;2;15;0;;;;
242;38714;0035;1;9;0;;;;
243;38715;0001;1;15;0;;;;
244;38715;0014;1;10;0;;;;
245;38716;0001;1;15;0;;;;
246;38716;0014;1;10;0;;;;
247;38717;0023;1;10;0;NOTARIO-ADOLFO MACASI AÑO-1945;;;
248;38718;0001;1;15;0;;;;
249;38718;0014;1;10;0;;;;
250;38719;0001;1;15;0;;;;
251;38719;0014;1;10;0;;;;
252;38720;0001;1;15;0;;;;
253;38720;0014;1;10;0;;;;
254;38721;0001;1;15;0;;;;
255;38721;0014;1;10;0;;;;
256;38722;0001;1;15;0;;;;
257;38722;0018;1;10;0;;;;
258;38723;0001;1;15;0;;;;
259;38723;0014;1;10;0;;;;
260;38724;0003;2;15;0;;;;
261;38724;0035;1;9;0;;;;
262;38725;0001;1;15;0;;;;
263;38725;0014;1;10;0;;;;
264;38726;0003;6;15;0;;;;
265;38726;0035;1;9;0;;;;
266;38727;0003;3;15;0;;;;
267;38727;0035;1;9;0;;;;
268;38728;0023;1;10;0;NOTARIO JULIO V. PRIVAT AÑO -1944;;;
269;38729;0044;1;15;0;;;;
270;38730;0001;1;15;0;;;;
271;38730;0014;1;10;0;;;;
272;38731;0045;1;15;0;;;;
273;38732;0001;1;15;0;;;;
274;38732;0014;1;10;0;;;;
275;38733;0001;1;15;0;;;;
276;38733;0021;1;10;0;;;;
277;38735;0001;1;15;0;;;;
278;38735;0014;1;10;0;;;;
279;38736;0003;9;15;0;;;;
280;38736;0009;1;0.2;0;;;;
281;38737;0003;4;15;0;;;;
282;38737;0035;1;9;0;;;;
283;38738;0009;4;0.2;0;;;;
284;38739;0023;1;10;0;NOTARIO MACASI-AÑO 1944;;;
285;38740;0023;1;10;0;NOTARIO  FEDERICO PORRAS AÑO 1944;;;
286;38741;0003;3;15;0;;;;
287;38741;0035;1;9;0;;;;
288;38742;0001;1;15;0;;;;
289;38742;0021;1;10;0;;;;
290;38743;0001;1;15;0;;;;
291;38743;0014;1;10;0;;;;
292;38744;0003;5;15;0;;;;
293;38744;0035;1;9;0;;;;
294;38745;0001;1;15;0;;;;
295;38745;0014;1;10;0;;;;
296;38746;0044;1;15;0;;;;
297;38747;0003;3;15;0;;;;
298;38747;0035;1;9;0;;;;
299;38748;0001;1;15;0;;;;
300;38748;0014;1;10;0;;;;
301;38749;0001;1;15;0;;;;
302;38749;0018;1;10;0;;;;
303;38750;0003;3;15;0;;;;
304;38750;0035;1;9;0;;;;
305;38751;0001;1;15;0;;;;
306;38751;0018;1;10;0;;;;
307;38752;0001;1;15;0;;;;
308;38752;0014;1;10;0;;;;
309;38753;0003;3;15;0;;;;
310;38753;0035;1;9;0;;;;
311;38754;0003;2;15;0;;;;
312;38754;0035;1;9;0;;;;
313;38755;0001;1;15;0;;;;
314;38755;0014;1;10;0;;;;
315;38756;0003;3;15;0;;;;
316;38756;0035;1;9;0;;;;
317;38757;0001;1;15;0;;;;
318;38757;0014;1;10;0;;;;
319;38758;0001;1;15;0;;;;
320;38758;0014;1;10;0;;;;
321;38759;0001;1;15;0;;;;
322;38759;0014;1;10;0;;;;
323;38760;0001;1;15;0;;;;
324;38760;0014;1;10;0;;;;
325;38761;0003;3;15;0;;;;
326;38761;0035;1;9;0;;;;
327;38762;0001;1;15;0;;;;
328;38762;0014;1;10;0;;;;
329;38763;0001;1;15;0;;;;
330;38763;0014;1;10;0;;;;
331;38764;0003;3;15;0;;;;
332;38764;0035;1;9;0;;;;
333;38765;0003;4;15;0;;;;
334;38765;0035;1;9;0;;;;
335;38766;0001;1;15;0;;;;
336;38766;0014;1;10;0;;;;
337;38767;0001;1;15;0;;;;
338;38767;0014;1;10;0;;;;
339;38768;0001;1;15;0;;;;
340;38768;0014;1;10;0;;;;
341;38769;0001;1;15;0;;;;
342;38769;0014;1;10;0;;;;
343;38770;0001;1;15;0;;;;
344;38770;0014;1;10;0;;;;
345;38771;0001;1;15;0;;;;
346;38771;0014;1;10;0;;;;
347;38772;0001;1;15;0;;;;
348;38772;0014;1;10;0;;;;
349;38773;0001;1;15;0;;;;
350;38773;0014;1;10;0;;;;
351;38774;0023;1;10;0;NOTARIO- ARMANDO ZEGARRA-AÑO 2004;;;
352;38775;0001;1;15;0;;;;
353;38775;0014;1;10;0;;;;
354;38776;0001;1;15;0;;;;
355;38776;0014;1;10;0;;;;
356;38777;0001;1;15;0;;;;
357;38777;0014;1;10;0;;;;
358;38778;0001;1;15;0;;;;
359;38778;0014;1;10;0;;;;
360;38779;0001;1;15;0;;;;
361;38779;0014;1;10;0;;;;
362;38780;0001;1;15;0;;;;
363;38780;0021;1;10;0;;;;
364;38781;0003;3;15;0;;;;
365;38781;0035;1;9;0;;;;
366;38782;0001;1;15;0;;;;
367;38782;0014;1;10;0;;;;
368;38783;0001;1;15;0;;;;
369;38783;0014;1;10;0;;;;
370;38784;0001;1;15;0;;;;
371;38784;0014;1;10;0;;;;
372;38786;0001;1;15;0;;;;
373;38786;0014;1;10;0;;;;
374;38787;0040;1;15;0;;;;
375;38791;0023;1;10;0;EXIBICION DE PLANILLAS;;;
376;38792;0001;1;15;0;;;;
377;38792;0014;1;10;0;;;;
378;38793;0001;1;15;0;;;;
379;38793;0014;1;10;0;;;;
380;38794;0003;3;15;0;;;;
381;38794;0035;1;9;0;;;;
382;38795;0003;2;15;0;;;;
383;38795;0035;1;9;0;;;;
384;38796;0001;1;15;0;;;;
385;38796;0015;1;10;0;;;;
386;38797;0001;1;15;0;;;;
387;38797;0014;1;10;0;;;;
388;38798;0001;1;15;0;;;;
389;38798;0014;1;10;0;;;;
390;38799;0003;3;15;0;;;;
391;38799;0035;1;9;0;;;;
392;38800;0003;7;15;0;;;;
393;38800;0035;1;9;0;S;;;
394;38801;0001;1;15;0;;;;
395;38801;0014;1;10;0;;;;
396;38802;0003;3;15;0;;;;
397;38802;0035;1;9;0;;;;
398;38803;0044;1;15;0;;;;
399;38804;0001;1;15;0;;;;
400;38804;0014;1;10;0;;;;
401;38806;0003;3;15;0;;;;
402;38806;0035;1;9;0;;;;
403;38807;0023;1;10;0;NOTARIO- JESUS SANCHEZ MARAVI AÑO 2006;;;
404;38809;0044;1;15;0;;;;
405;38810;0001;1;15;0;;;;
406;38810;0018;1;10;0;;;;
407;38811;0001;1;15;0;;;;
408;38811;0014;1;10;0;;;;
409;38813;0023;1;10;0;;;;
410;38814;0001;1;15;0;;;;
411;38814;0014;1;10;0;;;;
412;38815;0001;1;15;0;;;;
413;38815;0014;1;10;0;;;;
414;38816;0003;4;15;0;;;;
415;38816;0035;1;9;0;;;;
416;38817;0003;2;15;0;;;;
417;38817;0035;1;9;0;;;;
418;38818;0001;1;15;0;;;;
419;38818;0014;1;10;0;;;;
420;38819;0001;1;15;0;;;;
421;38819;0014;1;10;0;;;;
422;38820;0001;1;15;0;;;;
423;38820;0014;1;10;0;;;;
424;38821;0001;1;15;0;;;;
425;38821;0014;1;10;0;;;;
426;38822;0001;1;15;0;;;;
427;38822;0014;1;10;0;;;;
428;38823;0001;1;15;0;;;;
429;38823;0014;1;10;0;;;;
430;38824;0003;3;15;0;;;;
431;38824;0035;1;9;0;;;;
432;38825;0001;1;15;0;;;;
433;38825;0014;1;10;0;;;;
434;38826;0003;3;15;0;;;;
435;38826;0035;1;9;0;;;;
436;38827;0003;2;15;0;;;;
437;38827;0035;1;9;0;;;;
438;38828;0001;1;15;0;;;;
439;38828;0014;1;10;0;;;;
440;38829;0040;1;15;0;;;;
441;38830;0001;1;15;0;;;;
442;38830;0014;1;10;0;;;;
443;38832;0001;1;15;0;;;;
444;38832;0014;1;10;0;;;;
445;38833;0001;1;15;0;;;;
446;38833;0014;1;10;0;;;;
447;38834;0001;1;15;0;;;;
448;38834;0014;1;10;0;;;;
449;38835;0001;1;15;0;;;;
450;38835;0014;1;10;0;;;;
451;38836;0001;1;15;0;;;;
452;38836;0014;1;10;0;;;;
453;38837;0001;1;15;0;;;;
454;38837;0014;1;10;0;;;;
455;38838;0001;1;15;0;;;;
456;38838;0014;1;10;0;;;;
457;38839;0001;1;15;0;;;;
458;38839;0014;1;10;0;;;;
459;38840;0023;1;10;0;NOTARIO  ROLANDO ROJAS ARROYO AÑO 1961;;;
460;38841;0001;1;15;0;;;;
461;38841;0014;1;10;0;;;;
462;38843;0023;1;10;0;NOTARIO-ADOLFO MACASI  AÑO-1959;;;
463;38844;0001;1;15;0;;;;
464;38844;0014;1;10;0;;;;
465;38845;0001;1;15;0;;;;
466;38845;0014;1;10;0;;;;
467;38846;0023;1;10;0;NOTARIO  ITALO  GREGORINI AÑO -1958;;;
468;38847;0001;1;15;0;;;;
469;38847;0014;1;10;0;;;;
470;38848;0001;1;15;0;;;;
471;38848;0014;1;10;0;;;;
472;38849;0001;1;15;0;;;;
473;38849;0014;1;10;0;;;;
474;38850;0001;1;15;0;;;;
475;38850;0014;1;10;0;;;;
476;38851;0001;1;15;0;;;;
477;38851;0014;1;10;0;;;;
478;38852;0001;1;15;0;;;;
479;38852;0014;1;10;0;;;;
480;38853;0023;1;10;0;NOTARIO -ROLANDO ROJAS-AÑO 1966;;;
481;38854;0003;3;15;0;;;;
482;38854;0035;1;9;0;;;;
483;38855;0001;1;15;0;;;;
484;38855;0014;1;10;0;;;;
485;38856;0001;1;15;0;;;;
486;38856;0014;1;10;0;;;;
487;38857;0003;6;15;0;;;;
488;38857;0035;1;9;0;;;;
489;38858;0003;2;15;0;;;;
490;38858;0035;1;9;0;;;;
491;38859;0001;1;15;0;;;;
492;38859;0014;1;10;0;;;;
493;38860;0023;1;10;0;NOTARIO -JULIO PPRIVAT AÑO-1925;;;
494;38861;0001;1;15;0;;;;
495;38861;0014;1;10;0;;;;
496;38862;0001;1;15;0;;;;
497;38862;0014;1;10;0;;;;
498;38863;0001;1;15;0;;;;
499;38863;0014;1;10;0;;;;
500;38864;0001;1;15;0;;;;
501;38864;0014;1;10;0;;;;
502;38865;0001;1;15;0;;;;
503;38865;0014;1;10;0;;;;
504;38866;0001;1;15;0;;;;
505;38866;0014;1;10;0;;;;
506;38867;0003;3;15;0;;;;
507;38867;0035;1;9;0;;;;
508;38868;0009;3;0.2;0;;;;
509;38869;0001;1;15;0;;;;
510;38869;0014;1;10;0;;;;
511;38870;0001;1;15;0;;;;
512;38870;0014;1;10;0;;;;
513;38871;0003;4;15;0;;;;
514;38871;0035;1;9;0;;;;
515;38872;0003;2;15;0;;;;
516;38872;0035;1;9;0;;;;
517;38873;0001;1;15;0;;;;
518;38873;0014;1;10;0;;;;
519;38874;0040;1;15;0;;;;
520;38875;0001;1;15;0;;;;
521;38875;0014;1;10;0;;;;
522;38876;0001;1;15;0;;;;
523;38876;0014;1;10;0;;;;
524;38877;0001;1;15;0;;;;
525;38877;0014;1;10;0;;;;
526;38878;0003;3;15;0;;;;
527;38878;0035;1;9;0;;;;
528;38879;0023;1;10;0;NOTARIO-EMILIO ORIHUELA  AÑO-1970;;;
529;38880;0001;1;15;0;;;;
530;38880;0014;1;10;0;;;;
531;38882;0003;3;15;0;;;;
532;38882;0035;1;9;0;;;;
533;38883;0001;1;15;0;;;;
534;38883;0014;1;10;0;;;;
535;38884;0003;3;15;0;;;;
536;38884;0035;1;9;0;;;;
537;38885;0001;1;15;0;;;;
538;38885;0014;1;10;0;;;;
539;38886;0001;1;15;0;;;;
540;38886;0014;1;10;0;;;;
541;38888;0001;1;15;0;;;;
542;38888;0014;1;10;0;;;;
543;38889;0023;1;10;0;;;;
544;38890;0001;1;15;0;;;;
545;38890;0014;1;10;0;;;;
546;38891;0001;1;15;0;;;;
547;38891;0014;1;10;0;;;;
548;38892;0001;1;15;0;;;;
549;38892;0014;1;10;0;;;;
550;38893;0001;1;15;0;;;;
551;38893;0014;1;10;0;;;;
552;38894;0003;4;15;0;;;;
553;38894;0035;1;9;0;;;;
554;38895;0003;3;15;0;;;;
555;38895;0035;1;9;0;;;;
556;38896;0003;3;15;0;;;;
557;38896;0035;1;9;0;;;;
558;38897;0001;1;15;0;;;;
559;38897;0021;1;10;0;;;;
560;38898;0023;1;10;0;;;;
561;38899;0001;1;15;0;;;;
562;38899;0014;1;10;0;;;;
563;38900;0003;3;15;0;;;;
564;38900;0035;1;9;0;;;;
565;38901;0003;2;15;0;;;;
566;38901;0035;1;9;0;;;;
567;38902;0001;1;15;0;;;;
568;38902;0014;1;10;0;;;;
569;38903;0009;10;0.2;0;COPIA DE TRANSPARECIA;;;
570;38904;0001;1;15;0;;;;
571;38904;0014;1;10;0;;;;
572;38905;0003;2;15;0;;;;
573;38905;0035;1;9;0;;;;
574;38906;0001;1;15;0;;;;
575;38906;0014;1;10;0;;;;
576;38907;0001;1;15;0;;;;
577;38907;0014;1;10;0;;;;
578;38908;0003;3;15;0;;;;
579;38908;0035;1;9;0;;;;
580;38909;0003;2;15;0;;;;
581;38909;0035;1;9;0;;;;
582;38910;0001;1;15;0;;;;
583;38910;0014;1;10;0;;;;
584;38911;0001;1;15;0;;;;
585;38911;0014;1;10;0;;;;
586;38912;0001;1;15;0;;;;
587;38912;0014;1;10;0;;;;
588;38913;0001;1;15;0;;;;
589;38913;0014;1;10;0;;;;
590;38914;0001;1;15;0;;;;
591;38914;0014;1;10;0;;;;
592;38915;0003;3;15;0;;;;
593;38915;0035;1;9;0;;;;
594;38916;0023;1;10;0;NOTARIO- ROLANDO ROJAS AÑO-1979;;;
595;38917;0003;5;15;0;;;;
596;38917;0035;1;9;0;;;;
597;38918;0001;1;15;0;;;;
598;38918;0014;1;10;0;;;;
599;38919;0001;1;15;0;;;;
600;38919;0014;1;10;0;;;;
601;38920;0023;1;10;0;NOTARIO-VICTOR MERCADO  PALACIOS AÑO -1974;;;
602;38921;0001;1;15;0;;;;
603;38921;0014;1;10;0;;;;
604;38922;0001;1;15;0;;;;
605;38922;0014;1;10;0;;;;
606;38923;0001;1;15;0;;;;
607;38923;0014;1;10;0;;;;
608;38924;0001;1;15;0;;;;
609;38924;0015;1;10;0;;;;
610;38925;0009;10;0.2;0;;;;
611;38927;0001;1;15;0;;;;
612;38927;0014;1;10;0;;;;
613;38928;0001;1;15;0;;;;
614;38928;0014;1;10;0;;;;
615;38929;0001;1;15;0;;;;
616;38929;0014;1;10;0;;;;
617;38930;0001;1;15;0;;;;
618;38930;0014;1;10;0;;;;
619;38932;0001;1;15;0;;;;
620;38932;0014;1;10;0;;;;
621;38933;0001;1;15;0;;;;
622;38933;0014;1;10;0;;;;
623;38934;0003;2;15;0;;;;
624;38934;0035;1;9;0;;;;
625;38935;0001;1;15;0;;;;
626;38935;0014;1;10;0;;;;
627;38936;0023;1;10;0;NOTARIO VICTOR MERCADO AÑO-1993;;;
628;38937;0001;1;15;0;;;;
629;38937;0014;1;10;0;;;;
630;38938;0003;3;15;0;;;;
631;38938;0035;1;9;0;;;;
632;38939;0003;3;15;0;;;;
633;38939;0035;1;9;0;;;;
634;38940;0003;3;15;0;;;;
635;38940;0035;1;9;0;;;;
636;38941;0003;6;15;0;;;;
637;38941;0035;1;9;0;;;;
638;38943;0003;7;15;0;;;;
639;38943;0035;1;9;0;;;;
640;38944;0001;1;15;0;;;;
641;38944;0014;1;10;0;;;;
642;38945;0001;1;15;0;;;;
643;38945;0014;1;10;0;;;;
644;38946;0001;1;15;0;;;;
645;38946;0014;1;10;0;;;;
646;38947;0001;1;15;0;;;;
647;38947;0014;1;10;0;;;;
648;38948;0044;1;15;0;;;;
649;38949;0001;1;15;0;;;;
650;38949;0014;1;10;0;;;;
651;38950;0009;50;0.2;0;;;;
652;38951;0003;2;15;0;;;;
653;38951;0035;1;9;0;;;;
654;38952;0044;1;15;0;;;;
655;38954;0001;1;15;0;;;;
656;38954;0014;1;10;0;;;;
657;38955;0003;3;15;0;;;;
658;38955;0035;1;9;0;;;;
659;38956;0023;1;10;0;NOTARIAO-ANIBAL MACASSI-AÑO 1991;;;
660;38957;0001;1;15;0;;;;
661;38957;0014;1;10;0;;;;
662;38958;0001;1;15;0;;;;
663;38958;0014;1;10;0;;;;
664;38959;0001;1;15;0;;;;
665;38959;0014;1;10;0;;;;
666;38960;0023;1;10;0;NOTARIO VEGA CALLIRGOS -AÑO- 1971;;;
667;38961;0001;1;15;0;;;;
668;38961;0014;1;10;0;;;;
669;38962;0001;1;15;0;;;;
670;38962;0014;1;10;0;;;;
671;38963;0009;6;0.2;0;;;;
672;38964;0001;1;15;0;;;;
673;38964;0014;1;10;0;;;;
674;38965;0001;1;15;0;;;;
675;38965;0014;1;10;0;;;;
676;38966;0001;1;15;0;;;;
677;38966;0014;1;10;0;;;;
678;38967;0013;2;15;0;;;;
679;38967;0035;1;9;0;;;;
680;38968;0003;2;15;0;;;;
681;38968;0035;1;9;0;;;;
682;38969;0003;3;15;0;;;;
683;38969;0035;1;9;0;;;;
684;38970;0001;1;15;0;;;;
685;38970;0014;1;10;0;;;;
686;38971;0001;1;15;0;;;;
687;38971;0014;1;10;0;;;;
688;38972;0001;1;15;0;;;;
689;38972;0014;1;10;0;;;;
690;38973;0001;1;15;0;;;;
691;38973;0014;1;10;0;;;;
692;38974;0001;1;15;0;;;;
693;38974;0014;1;10;0;;;;
694;38975;0001;1;15;0;;;;
695;38975;0014;1;10;0;;;;
696;38976;0001;1;15;0;;;;
697;38976;0014;1;10;0;;;;
698;38977;0001;1;15;0;;;;
699;38977;0014;1;10;0;;;;
700;38978;0001;1;15;0;;;;
701;38978;0014;1;10;0;;;;
702;38979;0003;2;15;0;;;;
703;38980;0001;1;15;0;;;;
704;38980;0014;1;10;0;;;;
705;38981;0001;1;15;0;;;;
706;38981;0014;1;10;0;;;;
707;38983;0001;1;15;0;;;;
708;38983;0014;1;10;0;;;;
709;38984;0001;1;15;0;;;;
710;38984;0014;1;10;0;;;;
711;38985;0001;1;15;0;;;;
712;38985;0014;1;10;0;;;;
713;38986;0001;1;15;0;;;;
714;38986;0014;1;10;0;;;;
715;38987;0001;1;15;0;;;;
716;38987;0014;1;10;0;;;;
717;38988;0003;3;15;0;;;;
718;38988;0035;1;9;0;;;;
719;38989;0001;1;15;0;;;;
720;38989;0014;1;10;0;;;;
721;38990;0003;2;15;0;;;;
722;38990;0035;1;9;0;;;;
723;38991;0003;2;15;0;;;;
724;38991;0035;1;9;0;;;;
725;38992;0003;4;15;0;;;;
726;38992;0035;1;9;0;;;;
727;38993;0001;1;15;0;;;;
728;38993;0014;1;10;0;;;;
729;38994;0001;1;15;0;;;;
730;38994;0014;1;10;0;;;;
731;38995;0001;1;15;0;;;;
732;38995;0014;1;10;0;;;;
733;38996;0001;1;15;0;;;;
734;38996;0014;1;10;0;;;;
735;38997;0001;1;15;0;;;;
736;38997;0014;1;10;0;;;;
737;38998;0001;1;15;0;;;;
738;38998;0014;1;10;0;;;;
739;38999;0023;1;10;0;NOTARIO- ROLANDO ROJAS- AÑO-1990;;;
740;39000;0023;1;10;0;NOTARIO -HONORATO ZENON -AÑO-2000;;;
741;39001;0003;2;15;0;;;;
742;39001;0035;1;9;0;;;;
743;39002;0023;1;10;0;NOTARIO-ANIBAL MACASI-AÑO 1990;;;
744;39003;0001;1;15;0;;;;
745;39003;0014;1;10;0;;;;
746;39004;0061;1054;3.4;0;venta de papeles inneseraios eliminacion y destruc;;;
747;39005;0003;2;15;0;;;;
748;39005;0035;1;9;0;;;;
749;39006;0003;3;15;0;;;;
750;39006;0035;1;9;0;;;;
751;39007;0001;1;15;0;;;;
752;39007;0014;1;10;0;;;;
753;39008;0001;1;15;0;;;;
754;39008;0014;1;10;0;;;;
755;39009;0001;1;15;0;;;;
756;39009;0014;1;10;0;;;;
757;39010;0009;40;0.2;0;;;;
758;39011;0001;1;15;0;;;;
759;39011;0014;1;10;0;;;;
760;39012;0003;3;15;0;;;;
761;39012;0035;1;9;0;;;;
762;39013;0003;3;15;0;;;;
763;39013;0035;1;9;0;;;;
764;39014;0001;1;15;0;;;;
765;39014;0014;1;10;0;;;;
766;39015;0001;1;15;0;;;;
767;39015;0014;1;10;0;;;;
768;39016;0001;1;15;0;;;;
769;39016;0014;1;10;0;;;;
770;39018;0003;2;15;0;;;;
771;39018;0035;1;9;0;;;;
772;39019;0003;6;15;0;;;;
773;39019;0035;1;9;0;;;;
774;39020;0001;1;15;0;;;;
775;39020;0014;1;10;0;;;;
776;39021;0001;1;15;0;;;;
777;39021;0014;1;10;0;;;;
778;39022;0023;1;10;0;NOTARIO -HONORATO ZENON  OSORIO-AÑO-1998;;;
779;39023;0001;1;15;0;;;;
780;39023;0021;1;10;0;;;;
781;39024;0003;4;15;0;;;;
782;39025;0001;1;15;0;;;;
783;39025;0014;1;10;0;;;;
784;39026;0001;1;15;0;;;;
785;39026;0014;1;10;0;;;;
786;39027;0023;1;10;0;NOTARIO  HONORATO  ZENON -AÑO-2000;;;
787;39028;0001;1;15;0;;;;
788;39028;0014;1;10;0;;;;
789;39029;0001;1;15;0;;;;
790;39029;0021;1;10;0;;;;
791;39030;0001;1;15;0;;;;
792;39030;0014;1;10;0;;;;
793;39031;0040;1;15;0;;;;
794;39032;0001;1;15;0;;;;
795;39032;0014;1;10;0;;;;
796;39033;0001;1;15;0;;;;
797;39033;0014;1;10;0;;;;
798;39034;0001;1;15;0;;;;
799;39034;0014;1;10;0;;;;
800;39035;0003;1;15;0;;;;
801;39036;0001;1;15;0;;;;
802;39036;0006;1;10;0;;;;
803;39037;0023;1;10;0;;;;
804;39038;0003;4;15;0;;;;
805;39039;0001;1;15;0;;;;
806;39039;0018;1;10;0;;;;
807;39040;0003;4;15;0;;;;
808;39040;0035;1;9;0;;;;
809;39041;0001;1;15;0;;;;
810;39041;0025;1;10;0;;;;
811;39042;0001;1;15;0;;;;
812;39042;0014;1;10;0;;;;
813;39043;0003;3;15;0;;;;
814;39043;0035;1;9;0;;;;
815;39044;0023;1;10;0;;;;
816;39045;0023;1;10;0;;;;
817;39046;0001;1;15;0;;;;
818;39046;0014;1;10;0;;;;
819;39047;0001;1;15;0;;;;
820;39047;0014;1;10;0;;;;
821;39048;0023;1;10;0;EXHIBIBICION;;;
822;39049;0001;1;15;0;;;;
823;39049;0021;1;10;0;;;;
824;39050;0001;1;15;0;;;;
825;39050;0014;1;10;0;;;;
826;39051;0001;1;15;0;;;;
827;39051;0014;1;10;0;;;;
828;39052;0001;1;15;0;;;;
829;39052;0014;1;10;0;;;;
830;39053;0003;3;15;0;;;;
831;39053;0035;1;9;0;;;;
832;39054;0001;1;15;0;;;;
833;39054;0014;1;10;0;;;;
834;39055;0001;1;15;0;;;;
835;39055;0014;1;10;0;;;;
836;39056;0023;1;10;0;NOTARIAO  OSSIAN VEGA  GOMEZ AÑO-1950;;;
837;39057;0023;1;10;0;NOTARIAO -ARMANDO ZEGARRA AÑO-1957;;;
838;39058;0001;1;15;0;;;;
839;39058;0014;1;10;0;;;;
840;39059;0001;1;15;0;;;;
841;39059;0014;1;10;0;;;;
842;39060;0003;3;15;0;;;;
843;39060;0035;1;9;0;;;;
844;39061;0003;3;15;0;;;;
845;39061;0035;1;9;0;;;;
846;39062;0003;2;15;0;;;;
847;39062;0035;1;9;0;;;;
848;39064;0001;1;15;0;;;;
849;39064;0014;1;10;0;;;;
850;39065;0001;1;15;0;;;;
851;39065;0014;1;10;0;;;;
852;39066;0001;1;15;0;;;;
853;39066;0014;1;10;0;;;;
854;39067;0001;1;15;0;;;;
855;39067;0014;1;10;0;;;;
856;39068;0001;1;15;0;;;;
857;39068;0014;1;10;0;;;;
858;39069;0001;1;15;0;;;;
859;39069;0014;1;10;0;;;;
860;39070;0001;1;15;0;;;;
861;39070;0021;1;10;0;;;;
862;39071;0001;1;15;0;;;;
863;39071;0021;1;10;0;;;;
864;39074;0003;2;15;0;;;;
865;39074;0035;1;9;0;;;;
866;39075;0001;1;15;0;;;;
867;39075;0014;1;10;0;;;;
868;39076;0001;1;15;0;;;;
869;39076;0014;1;10;0;;;;
870;39077;0003;4;15;0;;;;
871;39077;0035;1;9;0;;;;
872;39078;0003;4;15;0;;;;
873;39078;0035;1;9;0;;;;
874;39079;0003;4;15;0;;;;
875;39079;0035;1;9;0;;;;
876;39080;0003;3;15;0;;;;
877;39080;0035;1;9;0;;;;
878;39081;0001;1;15;0;;;;
879;39081;0014;1;10;0;;;;
880;39082;0001;1;15;0;;;;
881;39082;0014;1;10;0;;;;
882;39083;0001;1;15;0;;;;
883;39083;0014;1;10;0;;;;
884;39084;0009;50;0.2;0;;;;
885;39085;0003;3;15;0;;;;
886;39085;0035;1;9;0;;;;
887;39086;0001;1;15;0;;;;
888;39086;0014;1;10;0;;;;
889;39087;0001;1;15;0;;;;
890;39087;0014;1;10;0;;;;
891;39088;0040;1;15;0;;;;
892;39089;0003;2;15;0;;;;
893;39089;0035;1;9;0;;;;
894;39090;0001;1;15;0;;;;
895;39090;0014;1;10;0;;;;
896;39091;0044;1;15;0;;;;
897;39092;0001;1;15;0;;;;
898;39092;0014;1;10;0;;;;
899;39093;0001;1;15;0;;;;
900;39093;0014;1;10;0;;;;
901;39094;0001;1;15;0;;;;
902;39094;0014;1;10;0;;;;
903;39095;0001;1;15;0;;;;
904;39095;0014;1;10;0;;;;
905;39096;0003;4;15;0;;;;
906;39096;0035;1;9;0;;;;
907;39097;0001;1;15;0;;;;
908;39097;0015;1;10;0;;;;
909;39098;0040;1;15;0;;;;
910;39099;0001;1;15;0;;;;
911;39099;0014;1;10;0;;;;
912;39100;0001;1;15;0;;;;
913;39100;0014;1;10;0;;;;
914;39101;0003;3;15;0;;;;
915;39102;0003;3;15;0;;;;
916;39102;0035;1;9;0;;;;
917;39103;0001;1;15;0;;;;
918;39103;0014;1;10;0;;;;
919;39104;0001;1;15;0;;;;
920;39104;0014;1;10;0;;;;
921;39105;0001;1;15;0;;;;
922;39105;0021;1;10;0;;;;
923;39106;0003;3;15;0;;;;
924;39106;0035;1;9;0;;;;
925;39107;0023;1;10;0;NOTARIO-SANTIAGO PEÑA -1953;;;
926;39108;0003;7;15;0;;;;
927;39108;0035;1;9;0;;;;
928;39109;0001;1;15;0;;;;
929;39109;0021;1;10;0;;;;
930;39110;0003;3;15;0;;;;
931;39110;0035;1;9;0;;;;
932;39111;0001;1;15;0;;;;
933;39111;0014;1;10;0;;;;
934;39112;0001;1;15;0;;;;
935;39112;0014;1;10;0;;;;
936;39113;0003;2;15;0;;;;
937;39113;0035;1;9;0;;;;
938;39114;0001;1;15;0;;;;
939;39114;0014;1;10;0;;;;
940;39115;0001;1;15;0;;;;
941;39115;0014;1;10;0;;;;
942;39116;0003;2;15;0;;;;
943;39116;0035;1;9;0;;;;
944;39117;0009;4;0.2;0;;;;
945;39118;0023;1;10;0;NOTARIO  HONORATO ZENON  ZENON AÑO 2002;;;
946;39119;0003;3;15;0;;;;
947;39119;0035;1;9;0;;;;
948;39120;0001;1;15;0;S;;;
949;39120;0014;1;10;0;;;;
950;39121;0003;4;15;0;;;;
951;39121;0035;1;9;0;;;;
952;39122;0001;1;15;0;;;;
953;39122;0014;1;10;0;;;;
954;39123;0001;1;15;0;;;;
955;39123;0014;1;10;0;;;;
956;39124;0023;1;10;0;;;;
957;39125;0001;1;15;0;;;;
958;39125;0014;1;10;0;;;;
959;39126;0001;1;15;0;;;;
960;39126;0014;1;10;0;;;;
961;39127;0003;2;15;0;;;;
962;39127;0035;1;9;0;;;;
963;39128;0003;2;15;0;;;;
964;39128;0035;1;9;0;;;;
965;39129;0001;1;15;0;;;;
966;39129;0014;1;10;0;;;;
967;39130;0003;3;15;0;;;;
968;39130;0035;1;9;0;;;;
969;39131;0001;1;15;0;;;;
970;39131;0014;1;10;0;;;;
971;39132;0001;1;15;0;;;;
972;39132;0014;1;10;0;;;;
973;39133;0001;1;15;0;;;;
974;39133;0021;1;10;0;;;;
975;39134;0001;1;15;0;;;;
976;39134;0014;1;10;0;;;;
977;39135;0040;1;15;0;;;;
978;39136;0040;1;15;0;;;;
979;39137;0040;1;15;0;;;;
980;39138;0003;2;15;0;;;;
981;39138;0035;1;9;0;;;;
982;39139;0003;2;15;0;;;;
983;39139;0035;1;9;0;;;;
984;39140;0001;1;15;0;;;;
985;39140;0014;1;10;0;;;;
986;39141;0009;2;0.2;0;;;;
987;39142;0003;3;15;0;;;;
988;39142;0035;1;9;0;;;;
989;39143;0001;1;15;0;;;;
990;39143;0014;1;10;0;;;;
991;39144;0003;2;15;0;;;;
992;39144;0035;1;9;0;;;;
993;39145;0003;2;15;0;;;;
994;39145;0035;1;9;0;;;;
995;39146;0001;1;15;0;;;;
996;39146;0014;1;10;0;;;;
997;39147;0001;1;15;0;;;;
998;39147;0014;1;10;0;;;;
999;39148;0001;1;15;0;;;;
1000;39148;0014;1;10;0;;;;
1001;39149;0003;4;15;0;;;;
1002;39149;0035;1;9;0;;;;
1003;39150;0001;1;15;0;;;;
1004;39150;0014;1;10;0;;;;
1005;39151;0001;1;15;0;;;;
1006;39151;0014;1;10;0;;;;
1007;39152;0003;3;15;0;;;;
1008;39152;0035;1;9;0;;;;
1009;39153;0003;4;15;0;;;;
1010;39153;0035;1;9;0;;;;
1011;39154;0001;1;15;0;;;;
1012;39154;0014;1;10;0;;;;
1013;39155;0001;1;15;0;;;;
1014;39155;0014;1;10;0;;;;
1015;39156;0001;1;15;0;;;;
1016;39156;0014;1;10;0;;;;
1017;39157;0003;3;15;0;;;;
1018;39157;0035;1;9;0;;;;
1019;39158;0003;4;15;0;;;;
1020;39158;0035;1;9;0;;;;
1021;39159;0001;1;15;0;;;;
1022;39159;0014;1;10;0;;;;
1023;39160;0003;2;15;0;;;;
1024;39160;0035;1;9;0;;;;
1025;39161;0003;2;15;0;;;;
1026;39161;0035;1;9;0;;;;
1027;39162;0001;1;15;0;;;;
1028;39162;0014;1;10;0;;;;
1029;39163;0003;4;15;0;;;;
1030;39163;0035;1;9;0;;;;
1031;39164;0001;1;15;0;;;;
1032;39164;0021;1;10;0;;;;
1033;39165;0001;1;15;0;;;;
1034;39165;0014;1;10;0;;;;
1035;39166;0001;1;15;0;;;;
1036;39166;0014;1;10;0;;;;
1037;39167;0001;1;15;0;;;;
1038;39167;0014;1;10;0;;;;
1039;39168;0001;1;15;0;;;;
1040;39168;0014;1;10;0;;;;
1041;39169;0001;1;15;0;;;;
1042;39169;0014;1;10;0;;;;
1043;39170;0003;2;15;0;;;;
1044;39170;0035;1;9;0;;;;
1045;39171;0001;1;15;0;;;;
1046;39171;0021;1;10;0;;;;
1047;39172;0003;4;15;0;;;;
1048;39173;0003;3;15;0;;;;
1049;39173;0035;1;9;0;;;;
1050;39174;0023;1;10;0;AÑO-1930 NOTARIO ESSIA VEGA Y GOMEZ;;;
1051;39175;0003;2;15;0;;;;
1052;39175;0035;1;9;0;;;;
1053;39176;0003;4;15;0;;;;
1054;39176;0035;1;9;0;;;;
1055;39177;0003;3;15;0;;;;
1056;39177;0035;1;9;0;;;;
1057;39178;0003;5;15;0;;;;
1058;39178;0035;1;9;0;;;;
1059;39179;0001;1;15;0;;;;
1060;39179;0014;1;10;0;;;;
1061;39180;0003;2;15;0;;;;
1062;39180;0035;1;9;0;;;;
1063;39181;0003;3;15;0;;;;
1064;39181;0035;1;9;0;;;;
1065;39182;0001;1;15;0;;;;
1066;39182;0014;1;10;0;;;;
1067;39183;0003;5;15;0;;;;
1068;39183;0035;1;9;0;;;;
1069;39184;0003;3;15;0;;;;
1070;39184;0035;1;9;0;;;;
1071;39185;0001;1;15;0;;;;
1072;39185;0014;1;10;0;;;;
1073;39186;0003;4;15;0;;;;
1074;39186;0035;1;9;0;;;;
1075;39187;0003;4;15;0;;;;
1076;39187;0035;1;9;0;;;;
1077;39188;0001;1;15;0;;;;
1078;39188;0014;1;10;0;;;;
1079;39189;0001;1;15;0;;;;
1080;39189;0014;1;10;0;;;;
1081;39190;0001;1;15;0;;;;
1082;39190;0014;1;10;0;;;;
1083;39191;0001;1;15;0;;;;
1084;39191;0014;1;10;0;;;;
1085;39192;0023;1;10;0;NOTARIO-ADOLFO MACASI AÑO -1937;;;
1086;39193;0001;1;15;0;;;;
1087;39193;0018;1;10;0;;;;
1088;39194;0001;1;15;0;;;;
1089;39194;0014;1;10;0;;;;
1090;39195;0003;5;15;0;;;;
1091;39195;0035;1;9;0;;;;
1092;39197;0001;1;15;0;;;;
1093;39197;0014;1;10;0;;;;
1094;39198;0003;5;15;0;;;;
1095;39198;0035;1;9;0;;;;
1096;39199;0023;1;10;0;;;;
1097;39200;0001;1;15;0;;;;
1098;39200;0014;1;10;0;;;;
1099;39201;0003;3;15;0;;;;
1100;39201;0035;1;9;0;;;;
1101;39202;0003;2;15;0;;;;
1102;39202;0035;1;9;0;;;;
1103;39203;0003;2;15;0;;;;
1104;39203;0035;1;9;0;;;;
1105;39204;0023;1;10;0;NOTARIO ARMANDO ZEGARRA  AÑO-2005;;;
1106;39205;0001;1;15;0;;;;
1107;39205;0014;1;10;0;;;;
1108;39206;0001;1;15;0;;;;
1109;39206;0014;1;10;0;;;;
1110;39207;0040;1;15;0;;;;
1111;39208;0001;1;15;0;;;;
1112;39208;0014;1;10;0;;;;
1113;39209;0003;4;15;0;;;;
1114;39209;0035;1;9;0;;;;
1115;39210;0001;1;15;0;;;;
1116;39210;0021;1;10;0;;;;
1117;39211;0001;1;15;0;;;;
1118;39211;0014;1;10;0;;;;
1119;39212;0023;1;10;0;NOTARIAO  JESUS SANCHEZ MARAVI-AÑO-1997;;;
1120;39213;0001;1;15;0;;;;
1121;39213;0014;1;10;0;;;;
1122;39214;0001;1;15;0;;;;
1123;39214;0014;1;10;0;;;;
1124;39215;0001;1;15;0;;;;
1125;39215;0014;1;10;0;;;;
1126;39216;0001;1;15;0;;;;
1127;39216;0014;1;10;0;;;;
1128;39218;0003;3;15;0;;;;
1129;39218;0035;1;9;0;;;;
1130;39219;0003;3;15;0;;;;
1131;39219;0035;1;9;0;;;;
1132;39220;0001;1;15;0;;;;
1133;39220;0014;1;10;0;;;;
1134;39222;0001;1;15;0;;;;
1135;39222;0014;1;10;0;;;;
1136;39223;0001;1;15;0;;;;
1137;39223;0014;1;10;0;;;;
1138;39224;0001;1;15;0;;;;
1139;39224;0014;1;10;0;;;;
1140;39225;0003;2;15;0;;;;
1141;39225;0035;1;9;0;;;;
1142;39226;0001;1;15;0;;;;
1143;39226;0014;1;10;0;;;;
1144;39227;0003;2;15;0;;;;
1145;39227;0035;1;9;0;;;;
1146;39228;0001;1;15;0;;;;
1147;39228;0014;1;10;0;;;;
1148;39229;0001;1;15;0;;;;
1149;39229;0014;1;10;0;;;;
1150;39230;0001;1;15;0;;;;
1151;39230;0014;1;10;0;;;;
1152;39231;0023;1;10;0;ADOLFO MACSSI AÑO -1950;;;
1153;39232;0001;1;15;0;;;;
1154;39232;0014;1;10;0;;;;
1155;39233;0001;1;15;0;;;;
1156;39233;0014;1;10;0;;;;
1157;39234;0001;1;15;0;;;;
1158;39234;0014;1;10;0;;;;
1159;39235;0003;2;15;0;;;;
1160;39235;0035;1;9;0;;;;
1161;39236;0003;2;15;0;;;;
1162;39236;0035;1;9;0;;;;
1163;39237;0003;2;15;0;;;;
1164;39237;0035;1;9;0;;;;
1165;39238;0003;2;15;0;;;;
1166;39238;0035;1;9;0;;;;
1167;39239;0001;1;15;0;;;;
1168;39239;0014;1;10;0;;;;
1169;39240;0003;3;15;0;;;;
1170;39240;0035;1;9;0;;;;
1171;39241;0003;8;15;0;;;;
1172;39241;0035;1;9;0;;;;
1173;39242;0003;4;15;0;;;;
1174;39242;0035;1;9;0;;;;
1175;39243;0001;1;15;0;;;;
1176;39243;0014;1;10;0;;;;
1177;39244;0001;1;15;0;;;;
1178;39244;0014;1;10;0;;;;
1179;39245;0040;1;15;0;;;;
1180;39246;0023;1;10;0;NOTARIO-RAUL.P.MARTINEZ AÑO-1989;;;
1181;39247;0023;1;10;0;NOTARIO PEÑA MARTINEZ-1989;;;
1182;39249;0001;1;15;0;;;;
1183;39249;0014;1;10;0;;;;
1184;39250;0001;1;15;0;;;;
1185;39250;0014;1;10;0;;;;
1186;39251;0001;1;15;0;;;;
1187;39251;0014;1;10;0;;;;
1188;39252;0001;1;15;0;;;;
1189;39252;0021;1;10;0;;;;
1190;39253;0023;1;10;0;NOTARIO  VICTOR MERCADO P AÑO-1960;;;
1191;39254;0001;1;15;0;;;;
1192;39254;0014;1;10;0;;;;
1193;39255;0001;1;15;0;;;;
1194;39255;0014;1;10;0;;;;
1195;39256;0003;2;15;0;;;;
1196;39256;0035;1;9;0;;;;
1197;39257;0003;3;15;0;;;;
1198;39257;0035;1;9;0;;;;
1199;39258;0001;1;15;0;;;;
1200;39258;0014;1;10;0;;;;
1201;39259;0001;1;15;0;;;;
1202;39259;0014;1;10;0;;;;
1203;39260;0001;1;15;0;;;;
1204;39260;0021;1;10;0;;;;
1205;39261;0003;3;15;0;;;;
1206;39261;0035;1;9;0;;;;
1207;39262;0001;1;15;0;;;;
1208;39262;0014;1;10;0;;;;
1209;39263;0001;1;15;0;;;;
1210;39263;0014;1;10;0;;;;
1211;39264;0023;1;10;0;;;;
1212;39265;0003;2;15;0;;;;
1213;39265;0035;1;9;0;;;;
1214;39266;0023;1;10;0;;;;
1215;39267;0003;3;15;0;;;;
1216;39267;0035;1;9;0;;;;
1217;39268;0023;1;10;0;;;;
1218;39269;0003;3;15;0;;;;
1219;39269;0035;1;9;0;;;;
1220;39270;0001;1;15;0;;;;
1221;39270;0014;1;10;0;;;;
1222;39271;0003;4;15;0;;;;
1223;39271;0035;1;9;0;;;;
1224;39272;0003;4;15;0;;;;
1225;39272;0035;1;9;0;;;;
1226;39273;0001;1;15;0;;;;
1227;39273;0014;1;10;0;;;;
1228;39274;0001;1;15;0;;;;
1229;39274;0014;1;10;0;;;;
1230;39275;0003;5;15;0;;;;
1231;39275;0035;1;9;0;;;;
1232;39276;0023;1;10;0;;;;
1233;39277;0001;1;15;0;;;;
1234;39277;0014;1;10;0;;;;
1235;39278;0003;4;15;0;;;;
1236;39278;0035;1;9;0;;;;
1237;39279;0023;1;10;0;;;;
1238;39280;0003;2;15;0;;;;
1239;39280;0035;1;9;0;;;;
1240;39281;0023;1;10;0;;;;
1241;39282;0023;1;10;0;;;;
1242;39283;0001;1;15;0;;;;
1243;39283;0014;1;10;0;;;;
1244;39284;0001;1;15;0;;;;
1245;39284;0014;1;10;0;;;;
1246;39285;0001;1;15;0;;;;
1247;39285;0014;1;10;0;;;;
1248;39286;0001;1;15;0;;;;
1249;39286;0014;1;10;0;;;;
1250;39288;0001;1;15;0;;;;
1251;39288;0014;1;10;0;;;;
1252;39289;0003;2;15;0;;;;
1253;39289;0035;1;9;0;;;;
1254;39290;0003;3;15;0;;;;
1255;39290;0035;1;9;0;;;;
1256;39291;0003;2;15;0;;;;
1257;39291;0035;1;9;0;;;;
1258;39292;0003;2;15;0;;;;
1259;39292;0035;1;9;0;;;;
1260;39293;0003;3;15;0;;;;
1261;39293;0035;1;9;0;;;;
1262;39294;0009;14;0.2;0;;;;
1263;39295;0001;1;15;0;;;;
1264;39295;0015;1;10;0;;;;
1265;39296;0003;2;15;0;;;;
1266;39296;0035;1;9;0;;;;
1267;39297;0001;1;15;0;;;;
1268;39297;0014;1;10;0;;;;
1269;39298;0001;1;15;0;;;;
1270;39298;0014;1;10;0;;;;
1271;39299;0001;1;15;0;;;;
1272;39299;0014;1;10;0;;;;
1273;39300;0003;4;15;0;;;;
1274;39300;0035;1;9;0;;;;
1275;39302;0003;4;15;0;;;;
1276;39302;0035;1;9;0;;;;
1277;39303;0003;1;15;0;;;;
1278;39303;0014;1;10;0;;;;
1279;39304;0001;1;15;0;;;;
1280;39304;0014;1;10;0;;;;
1281;39305;0003;2;15;0;;;;
1282;39305;0035;1;9;0;;;;
1283;39306;0023;1;10;0;;;;
1284;39308;0001;1;15;0;;;;
1285;39308;0014;1;10;0;;;;
1286;39309;0001;1;15;0;;;;
1287;39309;0014;1;10;0;;;;
1288;39310;0003;3;15;0;;;;
1289;39310;0035;1;9;0;;;;
1290;39311;0001;1;15;0;;;;
1291;39311;0014;1;10;0;;;;
1292;39312;0001;1;15;0;;;;
1293;39312;0014;1;10;0;;;;
1294;39313;0001;1;15;0;;;;
1295;39313;0014;1;10;0;;;;
1296;39314;0001;1;15;0;;;;
1297;39314;0014;1;10;0;;;;
1298;39315;0003;3;15;0;;;;
1299;39315;0035;1;9;0;;;;
1300;39316;0001;1;15;0;;;;
1301;39316;0018;1;10;0;;;;
1302;39317;0001;1;15;0;;;;
1303;39317;0018;1;10;0;;;;
1304;39318;0001;1;15;0;;;;
1305;39318;0014;1;10;0;;;;
1306;39319;0001;1;15;0;;;;
1307;39319;0014;1;10;0;;;;
1308;39320;0001;1;15;0;;;;
1309;39320;0014;1;10;0;;;;
1310;39321;0003;2;15;0;;;;
1311;39321;0035;1;9;0;;;;
1312;39322;0001;1;15;0;;;;
1313;39322;0018;1;10;0;;;;
1314;39323;0003;12;15;0;;;;
1315;39323;0035;1;9;0;;;;
1316;39324;0003;4;15;0;;;;
1317;39325;0001;1;15;0;;;;
1318;39325;0014;1;10;0;;;;
1319;39326;0003;2;15;0;;;;
1320;39326;0035;1;9;0;;;;
1321;39327;0001;1;15;0;;;;
1322;39327;0014;1;10;0;;;;
1323;39328;0003;2;15;0;;;;
1324;39328;0035;1;9;0;;;;
1325;39329;0001;1;15;0;;;;
1326;39329;0014;1;10;0;;;;
1327;39330;0003;4;15;0;;;;
1328;39330;0035;1;9;0;;;;
1329;39331;0001;1;15;0;;;;
1330;39331;0014;1;10;0;;;;
1331;39332;0023;1;10;0;NOTARIO ANIBAL MACASI AÑO 1989;;;
1332;39333;0001;1;15;0;;;;
1333;39333;0014;1;10;0;;;;
1334;39334;0001;1;15;0;;;;
1335;39334;0014;1;10;0;;;;
1336;39335;0001;1;15;0;;;;
1337;39335;0014;1;10;0;;;;
1338;39336;0001;1;15;0;;;;
1339;39336;0014;1;10;0;;;;
1340;39337;0001;1;15;0;;;;
1341;39337;0014;1;10;0;;;;
1342;39338;0001;1;15;0;;;;
1343;39338;0018;1;10;0;;;;
1344;39339;0001;1;15;0;;;;
1345;39339;0014;1;10;0;;;;
1346;39340;0001;1;15;0;;;;
1347;39340;0014;1;10;0;;;;
1348;39341;0001;1;15;0;;;;
1349;39341;0014;1;10;0;;;;
1350;39342;0001;1;15;0;;;;
1351;39342;0014;1;10;0;;;;
1352;39343;0003;3;15;0;;;;
1353;39343;0035;1;9;0;;;;
1354;39344;0003;1;15;0;;;;
1355;39344;0035;1;9;0;;;;
1356;39345;0040;1;15;0;;;;
1357;39346;0001;1;15;0;;;;
1358;39346;0014;1;10;0;;;;
1359;39347;0001;1;15;0;;;;
1360;39347;0014;1;10;0;;;;
1361;39348;0001;1;15;0;;;;
1362;39348;0014;1;10;0;;;;
1363;39349;0003;3;15;0;;;;
1364;39349;0035;1;9;0;;;;
1365;39350;0001;1;15;0;;;;
1366;39350;0014;1;10;0;;;;
1367;39351;0001;1;15;0;;;;
1368;39351;0014;1;10;0;;;;
1369;39352;0009;2;0.2;0;;;;
1370;39353;0003;4;15;0;;;;
1371;39353;0035;1;9;0;;;;
1372;39354;0001;1;15;0;;;;
1373;39354;0014;1;10;0;;;;
1374;39355;0003;1;15;0;;;;
1375;39355;0035;1;9;0;;;;
1376;39356;0003;2;15;0;;;;
1377;39356;0035;1;9;0;;;;
1378;39357;0001;1;15;0;;;;
1379;39357;0021;1;10;0;;;;
1380;39358;0040;1;15;0;;;;
1381;39359;0001;1;15;0;;;;
1382;39359;0014;1;10;0;;;;
1383;39360;0003;2;15;0;;;;
1384;39360;0035;1;9;0;;;;
1385;39361;0001;1;15;0;;;;
1386;39361;0014;1;10;0;;;;
1387;39362;0001;1;15;0;;;;
1388;39362;0014;1;10;0;;;;
1389;39363;0001;1;15;0;;;;
1390;39363;0014;1;10;0;;;;
1391;39364;0001;1;15;0;;;;
1392;39364;0014;1;10;0;;;;
1393;39365;0003;3;15;0;;;;
1394;39365;0035;1;9;0;;;;
1395;39366;0003;3;15;0;;;;
1396;39366;0035;1;9;0;;;;
1397;39367;0003;4;15;0;;;;
1398;39367;0035;1;9;0;;;;
1399;39368;0001;1;15;0;;;;
1400;39368;0014;1;10;0;;;;
1401;39370;0043;13;15;0;;;;
1402;39370;0009;1;0.2;0;;;;
1403;39371;0001;1;15;0;;;;
1404;39371;0014;1;10;0;;;;
1405;39372;0014;1;10;0;;;;
1406;39372;0001;1;15;0;;;;
1407;39373;0044;1;15;0;;;;
1408;39374;0044;1;15;0;;;;
1409;39375;0001;1;15;0;;;;
1410;39375;0014;1;10;0;;;;
1411;39376;0001;1;15;0;;;;
1412;39376;0014;1;10;0;;;;
1413;39377;0043;8;15;0;;;;
1414;39377;0009;1;0.2;0;;;;
1415;39378;0001;1;15;0;;;;
1416;39378;0014;1;10;0;;;;
1417;39379;0001;1;15;0;;;;
1418;39379;0014;1;10;0;;;;
1419;39382;0001;1;15;0;;;;
1420;39382;0014;1;10;0;;;;
1421;39383;0003;6;15;0;;;;
1422;39383;0035;1;9;0;;;;
1423;39384;0003;2;15;0;;;;
1424;39384;0035;1;9;0;;;;
1425;39385;0001;1;15;0;;;;
1426;39385;0015;1;10;0;;;;
1427;39386;0001;1;15;0;;;;
1428;39386;0015;1;10;0;;;;
1429;39387;0003;5;15;0;;;;
1430;39388;0001;1;15;0;;;;
1431;39388;0014;1;10;0;;;;
1432;39390;0001;1;15;0;;;;
1433;39390;0014;1;10;0;;;;
1434;39391;0001;1;15;0;;;;
1435;39391;0014;1;10;0;;;;
1436;39392;0003;2;15;0;;;;
1437;39392;0035;1;9;0;;;;
1438;39393;0001;1;15;0;;;;
1439;39393;0014;1;10;0;;;;
1440;39394;0001;1;15;0;;;;
1441;39394;0014;1;10;0;;;;
1442;39395;0023;1;10;0;NOTARIO  ROLANDO ROJAS AÑO-1998;;;
1443;39396;0023;1;10;0;NOTARIO  FRANCISCO ZEVALLOS-1968;;;
1444;39397;0023;1;10;0;NOTARIO FRANCISCO ZEVALLOS AÑO 1968;;;
1445;39398;0044;1;15;0;;;;
1446;39399;0001;1;15;0;;;;
1447;39399;0014;1;10;0;;;;
1448;39400;0001;1;15;0;;;;
1449;39400;0021;1;10;0;;;;
1450;39401;0003;4;15;0;;;;
1451;39402;0001;1;15;0;;;;
1452;39402;0014;1;10;0;;;;
1453;39403;0001;1;15;0;;;;
1454;39403;0014;1;10;0;;;;
1455;39404;0001;1;15;0;;;;
1456;39404;0014;1;10;0;;;;
1457;39405;0003;2;15;0;;;;
1458;39405;0035;1;9;0;;;;
1459;39406;0023;1;10;0;NOTARIO  OSSIAN VEGA  AÑO 1930;;;
1460;39407;0023;1;10;0;NOATRIO ALEJANDRO ACEVADO  AÑO-1925;;;
1461;39408;0003;18;15;0;;;;
1462;39409;0001;1;15;0;;;;
1463;39409;0014;1;10;0;;;;
1464;39410;0001;1;15;0;;;;
1465;39410;0014;1;10;0;;;;
1466;39411;0003;3;15;0;;;;
1467;39411;0035;1;9;0;;;;
1468;39412;0003;2;15;0;;;;
1469;39412;0035;1;9;0;;;;
1470;39413;0001;1;15;0;;;;
1471;39413;0014;1;10;0;;;;
1472;39414;0003;2;15;0;;;;
1473;39414;0035;1;9;0;;;;
1474;39415;0040;1;15;0;;;;
1475;39416;0003;3;15;0;;;;
1476;39416;0035;1;9;0;;;;
1477;39417;0001;1;15;0;;;;
1478;39417;0021;1;10;0;;;;
1479;39418;0001;1;15;0;;;;
1480;39418;0014;1;10;0;;;;
1481;39419;0043;20;15;0;;;;
1482;39419;0009;1;0.2;0;;;;
1483;39420;0003;2;15;0;;;;
1484;39420;0035;1;9;0;;;;
1485;39421;0003;3;15;0;+;;;
1486;39421;0035;1;9;0;;;;
1487;39422;0001;1;15;0;;;;
1488;39422;0014;1;10;0;;;;
1489;39423;0003;4;15;0;;;;
1490;39423;0035;1;9;0;;;;
1491;39424;0001;1;15;0;;;;
1492;39424;0014;1;10;0;;;;
1493;39425;0003;3;15;0;;;;
1494;39425;0035;1;9;0;;;;
1495;39426;0001;1;15;0;;;;
1496;39426;0014;1;10;0;;;;
1497;39427;0003;4;15;0;;;;
1498;39427;0035;1;9;0;;;;
1499;39428;0001;1;15;0;;;;
1500;39428;0014;1;10;0;;;;
1501;39429;0001;1;15;0;;;;
1502;39429;0014;1;10;0;;;;
1503;39430;0003;3;15;0;;;;
1504;39430;0035;1;9;0;;;;
1505;39431;0001;1;15;0;;;;
1506;39431;0014;1;10;0;;;;
1507;39432;0001;1;15;0;;;;
1508;39432;0014;1;10;0;;;;
1509;39433;0001;1;15;0;;;;
1510;39433;0014;1;10;0;;;;
1511;39434;0001;1;15;0;;;;
1512;39434;0014;1;10;0;;;;
1513;39435;0001;1;15;0;;;;
1514;39435;0014;1;10;0;;;;
1515;39436;0001;1;15;0;;;;
1516;39436;0014;1;10;0;;;;
1517;39437;0001;1;15;0;;;;
1518;39437;0014;1;10;0;;;;
1519;39438;0003;2;15;0;;;;
1520;39438;0035;1;9;0;;;;
1521;39439;0015;1;10;0;;;;
1522;39439;0001;1;15;0;;;;
1523;39440;0001;1;15;0;;;;
1524;39440;0014;1;10;0;;;;
1525;39441;0003;2;15;0;;;;
1526;39441;0035;1;9;0;;;;
1527;39442;0003;15;15;0;;;;
1528;39442;0035;1;9;0;;;;
1529;39443;0003;15;15;0;;;;
1530;39443;0035;1;9;0;;;;
1531;39444;0003;15;15;0;;;;
1532;39444;0035;1;9;0;;;;
1533;39445;0001;1;15;0;;;;
1534;39445;0014;1;10;0;;;;
1535;39446;0003;3;15;0;;;;
1536;39446;0035;1;9;0;;;;
1537;39447;0003;3;15;0;;;;
1538;39447;0035;1;9;0;;;;
1539;39448;0003;4;15;0;;;;
1540;39448;0035;1;9;0;;;;
1541;39449;0001;1;15;0;;;;
1542;39449;0014;1;10;0;;;;
1543;39450;0001;1;15;0;;;;
1544;39450;0014;1;10;0;;;;
1545;39451;0001;1;15;0;;;;
1546;39451;0014;1;10;0;;;;
1547;39452;0040;1;15;0;;;;
1548;39453;0003;3;15;0;;;;
1549;39453;0035;1;9;0;;;;
1550;39454;0001;1;15;0;;;;
1551;39454;0014;1;10;0;;;;
1552;39455;0001;1;15;0;;;;
1553;39455;0014;1;10;0;;;;
1554;39456;0009;1;0.2;0;;;;
1555;39457;0001;1;15;0;;;;
1556;39457;0014;1;10;0;;;;
1557;39458;0040;1;15;0;;;;
1558;39459;0001;1;15;0;;;;
1559;39459;0014;1;10;0;;;;
1560;39460;0001;1;15;0;;;;
1561;39460;0014;1;10;0;;;;
1562;39461;0023;1;10;0;NOTARIO SANTIAGO PEÑA-1945;;;
1563;39462;0001;1;15;0;;;;
1564;39462;0014;1;10;0;;;;
1565;39464;0003;2;15;0;;;;
1566;39464;0035;1;9;0;;;;
1567;39465;0003;4;15;0;;;;
1568;39465;0035;1;9;0;;;;
1569;39466;0024;1;10;0;;;;
1570;39467;0009;23;0.2;0;;;;
1571;39468;0001;1;15;0;;;;
1572;39468;0014;1;10;0;;;;
1573;39469;0001;1;15;0;;;;
1574;39469;0014;1;10;0;;;;
1575;39470;0003;3;15;0;;;;
1576;39470;0035;1;9;0;;;;
1577;39471;0003;2;15;0;;;;
1578;39472;0001;1;15;0;;;;
1579;39472;0014;1;10;0;;;;
1580;39473;0001;1;15;0;;;;
1581;39473;0025;1;10;0;;;;
1582;39474;0003;3;15;0;;;;
1583;39474;0035;1;9;0;;;;
1584;39475;0001;1;15;0;;;;
1585;39475;0014;1;10;0;;;;
1586;39476;0001;1;15;0;;;;
1587;39476;0014;1;10;0;;;;
1588;39477;0001;1;15;0;;;;
1589;39477;0014;1;10;0;;;;
1590;39478;0003;2;15;0;;;;
1591;39478;0035;1;9;0;;;;
1592;39479;0001;1;15;0;;;;
1593;39479;0014;1;10;0;;;;
1594;39480;0001;1;15;0;;;;
1595;39480;0014;1;10;0;;;;
1596;39481;0003;4;15;0;;;;
1597;39481;0035;1;9;0;;;;
1598;39482;0001;1;15;0;;;;
1599;39482;0014;1;10;0;;;;
1600;39483;0003;5;15;0;;;;
1601;39483;0035;1;9;0;;;;
1602;39484;0009;12;0.2;0;;;;
1603;39485;0009;40;0.2;0;;;;
1604;39486;0003;7;15;0;;;;
1605;39486;0035;1;9;0;;;;
1606;39487;0003;5;15;0;;;;
1607;39487;0035;1;9;0;;;;
1608;39488;0003;5;15;0;;;;
1609;39488;0035;1;9;0;;;;
1610;39489;0003;4;15;0;;;;
1611;39489;0035;1;9;0;;;;
1612;39490;0003;4;15;0;;;;
1613;39490;0035;1;9;0;;;;
1614;39491;0003;1;15;0;;;;
1615;39491;0035;1;9;0;;;;
1616;39492;0003;5;15;0;;;;
1617;39492;0035;1;9;0;;;;
1618;39493;0003;3;15;0;;;;
1619;39493;0035;1;9;0;;;;
1620;39494;0001;1;15;0;;;;
1621;39494;0014;1;10;0;;;;
1622;39495;0001;1;15;0;;;;
1623;39495;0014;1;10;0;;;;
1624;39496;0001;1;15;0;;;;
1625;39496;0014;1;10;0;;;;
1626;39498;0001;1;15;0;;;;
1627;39498;0014;1;10;0;;;;
1628;39499;0003;2;15;0;;;;
1629;39499;0035;1;9;0;;;;
1630;39500;0001;1;15;0;;;;
1631;39500;0014;1;10;0;;;;
1632;39501;0001;1;15;0;;;;
1633;39501;0014;1;10;0;;;;
1634;39502;0001;1;15;0;;;;
1635;39502;0014;1;10;0;;;;
1636;39503;0003;5;15;0;;;;
1637;39504;0001;1;15;0;;;;
1638;39504;0014;1;10;0;;;;
1639;39505;0003;3;15;0;;;;
1640;39505;0035;1;9;0;;;;
1641;39506;0001;1;15;0;;;;
1642;39506;0014;1;10;0;;;;
1643;39507;0035;12;9;0;;;;
1644;39508;0003;3;15;0;;;;
1645;39508;0035;1;9;0;;;;
1646;39509;0003;4;15;0;;;;
1647;39510;0003;4;15;0;;;;
1648;39511;0001;1;15;0;;;;
1649;39511;0015;1;10;0;;;;
1650;39512;0009;17;0.2;0;;;;
1651;39513;0001;1;15;0;;;;
1652;39513;0014;1;10;0;;;;
1653;39514;0003;6;15;0;;;;
1654;39514;0035;1;9;0;;;;
1655;39515;0003;3;15;0;;;;
1656;39515;0035;1;9;0;;;;
1657;39516;0013;5;15;0;;;;
1658;39517;0001;1;15;0;;;;
1659;39517;0014;1;10;0;;;;
1660;39518;0001;1;15;0;;;;
1661;39518;0014;1;10;0;;;;
1662;39519;0001;1;15;0;SOLICITANTE: ROJAS CANTORIN FELIX;;;
1663;39519;0008;1;10;0;;;;
1664;39520;0001;1;15;0;SOLICITANTE:PAREDES  ARTICA VICTOR RAUL;;;
1665;39520;0008;1;10;0;;;;
1666;39521;0003;3;15;0;;;;
1667;39521;0035;1;9;0;;;;
1668;39522;0001;1;15;0;;;;
1669;39522;0014;1;10;0;;;;
1670;39523;0001;1;15;0;;;;
1671;39523;0021;1;10;0;;;;
1672;39524;0001;1;15;0;;;;
1673;39524;0014;1;10;0;;;;
1674;39525;0003;2;15;0;;;;
1675;39525;0035;1;9;0;;;;
1676;39526;0001;1;15;0;;;;
1677;39526;0014;1;10;0;;;;
1678;39527;0003;3;15;0;;;;
1679;39527;0035;1;9;0;;;;
1680;39528;0001;1;15;0;;;;
1681;39528;0014;1;10;0;;;;
1682;39529;0003;3;15;0;;;;
1683;39529;0035;1;9;0;;;;
1684;39530;0003;2;15;0;;;;
1685;39530;0035;1;9;0;;;;
1686;39531;0003;3;15;0;;;;
1687;39531;0035;1;9;0;;;;
1688;39532;0001;1;15;0;;;;
1689;39532;0014;1;10;0;;;;
1690;39533;0001;1;15;0;;;;
1691;39533;0014;1;10;0;;;;
1692;39535;0001;1;15;0;;;;
1693;39535;0014;1;10;0;;;;
1694;39536;0001;1;15;0;;;;
1695;39536;0014;1;10;0;;;;
1696;39537;0003;3;15;0;;;;
1697;39537;0035;1;9;0;;;;
1698;39538;0001;1;15;0;;;;
1699;39538;0014;1;10;0;;;;
1700;39539;0001;1;15;0;;;;
1701;39539;0014;1;10;0;;;;
1702;39540;0001;1;15;0;;;;
1703;39540;0014;1;10;0;;;;
1704;39541;0001;1;15;0;;;;
1705;39541;0014;1;10;0;;;;
1706;39542;0003;2;15;0;;;;
1707;39542;0035;1;9;0;;;;
1708;39543;0001;1;15;0;;;;
1709;39543;0021;1;10;0;;;;
1710;39544;0001;1;15;0;;;;
1711;39544;0018;1;10;0;;;;
1712;39545;0003;4;15;0;;;;
1713;39545;0035;1;9;0;;;;
1714;39546;0001;1;15;0;;;;
1715;39546;0015;1;10;0;;;;
1716;39548;0001;1;15;0;;;;
1717;39548;0014;1;10;0;;;;
1718;39549;0003;4;15;0;;;;
1719;39549;0035;1;9;0;;;;
1720;39550;0001;1;15;0;;;;
1721;39550;0014;1;10;0;;;;
1722;39551;0003;2;15;0;;;;
1723;39551;0035;1;9;0;;;;
1724;39552;0001;1;15;0;;;;
1725;39552;0014;1;10;0;;;;
1726;39553;0001;1;15;0;;;;
1727;39553;0014;1;10;0;;;;
1728;39554;0003;2;15;0;;;;
1729;39554;0035;1;9;0;;;;
1730;39555;0001;1;15;0;;;;
1731;39555;0018;1;10;0;;;;
1732;39556;0001;1;15;0;;;;
1733;39556;0014;1;10;0;;;;
1734;39557;0001;1;15;0;;;;
1735;39557;0014;1;10;0;;;;
1736;39558;0001;1;15;0;;;;
1737;39558;0014;1;10;0;;;;
1738;39559;0003;3;15;0;;;;
1739;39559;0035;1;9;0;;;;
1740;39560;0003;4;15;0;;;;
1741;39560;0035;1;9;0;;;;
1742;39561;0003;4;15;0;;;;
1743;39561;0035;1;9;0;;;;
1744;39562;0001;1;15;0;;;;
1745;39562;0014;1;10;0;;;;
1746;39563;0003;3;15;0;;;;
1747;39563;0035;1;9;0;;;;
1748;39564;0003;2;15;0;;;;
1749;39564;0035;1;9;0;;;;
1750;39565;0003;3;15;0;;;;
1751;39565;0035;1;9;0;;;;
1752;39566;0003;3;15;0;;;;
1753;39566;0035;1;9;0;;;;
1754;39567;0003;3;15;0;;;;
1755;39567;0035;1;9;0;;;;
1756;39568;0003;2;15;0;;;;
1757;39568;0035;1;9;0;;;;
1758;39569;0001;1;15;0;;;;
1759;39569;0018;1;10;0;;;;
1760;39570;0001;1;15;0;;;;
1761;39570;0014;1;10;0;;;;
1762;39571;0003;4;15;0;;;;
1763;39571;0035;1;9;0;;;;
1764;39572;0001;1;15;0;;;;
1765;39572;0014;1;10;0;;;;
1766;39573;0023;1;10;0;ARMANDO  ZEGARRA AÑO-1992;;;
1767;39574;0003;5;15;0;;;;
1768;39574;0035;1;9;0;;;;
1769;39575;0023;1;10;0;;;;
1770;39576;0023;1;10;0;NOTARIO  ANIBAL MACASSI CHAVEZ AÑO-1985;;;
1771;39577;0001;1;15;0;;;;
1772;39577;0014;1;10;0;;;;
1773;39578;0023;1;10;0;NOTARIO ARMANDO ZEGARRA AÑO-2007;;;
1774;39579;0001;1;15;0;;;;
1775;39579;0014;1;10;0;;;;
1776;39580;0023;1;10;0;NOTARIO  ROLANDO ROJAS A AÑO-1987;;;
1777;39581;0001;1;15;0;;;;
1778;39581;0014;1;10;0;;;;
1779;39582;0001;1;15;0;;;;
1780;39582;0014;1;10;0;;;;
1781;39583;0001;1;15;0;;;;
1782;39583;0014;1;10;0;;;;
1783;39584;0023;1;10;0; NOTARIO  FRANCISCO ZEBALLOS-AÑO 1987;;;
1784;39585;0003;5;15;0;;;;
1785;39585;0035;1;9;0;;;;
1786;39586;0001;1;15;0;;;;
1787;39586;0014;1;10;0;;;;
1788;39587;0001;1;15;0;;;;
1789;39587;0014;1;10;0;;;;
1790;39588;0001;1;15;0;;;;
1791;39588;0014;1;10;0;;;;
1792;39589;0001;1;15;0;;;;
1793;39589;0021;1;10;0;;;;
1794;39590;0001;1;15;0;;;;
1795;39590;0014;1;10;0;;;;
1796;39591;0001;1;15;0;;;;
1797;39591;0014;1;10;0;;;;
1798;39592;0003;3;15;0;;;;
1799;39592;0035;1;9;0;;;;
1800;39593;0003;3;15;0;;;;
1801;39593;0035;1;9;0;;;;
1802;39594;0023;1;10;0;NOTARIO ARMANDO ZEGARRA -AÑO-2010;;;
1803;39595;0003;6;15;0;;;;
1804;39595;0035;1;9;0;;;;
1805;39596;0001;1;15;0;;;;
1806;39596;0014;1;10;0;;;;
1807;39597;0001;1;15;0;;;;
1808;39597;0014;1;10;0;;;;
1809;39598;0023;1;10;0;ARMANDO ZEGARRA AÑO 2007;;;
1810;39599;0001;1;15;0;;;;
1811;39599;0014;1;10;0;;;;
1812;39600;0003;2;15;0;;;;
1813;39600;0035;1;9;0;;;;
1814;39601;0003;2;15;0;;;;
1815;39601;0035;1;9;0;;;;
1816;39602;0003;3;15;0;;;;
1817;39602;0035;1;9;0;;;;
1818;39603;0003;3;15;0;;;;
1819;39603;0035;1;9;0;;;;
1820;39604;0001;1;15;0;;;;
1821;39604;0014;1;10;0;;;;
1822;39605;0003;3;15;0;;;;
1823;39605;0035;1;9;0;;;;
1824;39606;0001;1;15;0;;;;
1825;39606;0014;1;10;0;;;;
1826;39607;0003;2;15;0;;;;
1827;39607;0035;1;9;0;;;;
1828;39608;0003;3;15;0;;;;
1829;39608;0035;1;9;0;;;;
1830;39609;0001;1;15;0;;;;
1831;39609;0018;1;10;0;;;;
1832;39610;0001;1;15;0;;;;
1833;39610;0014;1;10;0;;;;
1834;39611;0003;2;15;0;;;;
1835;39611;0035;1;9;0;;;;
1836;39612;0024;1;10;0;;;;
1837;39613;0043;1;15;0;FOLIO N°4 MDS-ACTA DE MATRIMONIO;;;
1838;39614;0001;1;15;0;;;;
1839;39614;0014;1;10;0;;;;
1840;39615;0003;4;15;0;;;;
1841;39615;0035;1;9;0;;;;
1842;39616;0001;1;15;0;;;;
1843;39616;0014;1;10;0;;;;
1844;39617;0023;1;10;0;NOTARIO JOSE SILVA CHAVEZ AÑO-2003;;;
1845;39618;0001;1;15;0;;;;
1846;39618;0014;1;10;0;;;;
1847;39619;0001;1;15;0;;;;
1848;39619;0014;1;10;0;;;;
1849;39620;0001;1;15;0;;;;
1850;39620;0014;1;10;0;;;;
1851;39621;0001;1;15;0;;;;
1852;39621;0014;1;10;0;;;;
1853;39622;0001;1;15;0;;;;
1854;39622;0014;1;10;0;;;;
1855;39623;0001;1;15;0;;;;
1856;39623;0015;1;10;0;;;;
1857;39624;0024;1;10;0;;;;
1858;39625;0003;3;15;0;;;;
1859;39625;0035;1;9;0;;;;
1860;39626;0001;1;15;0;;;;
1861;39626;0014;1;10;0;;;;
1862;39627;0001;1;15;0;;;;
1863;39627;0014;1;10;0;;;;
1864;39628;0003;3;15;0;;;;
1865;39628;0035;1;9;0;;;;
1866;39629;0001;1;15;0;;;;
1867;39629;0014;1;10;0;;;;
1868;39630;0001;1;15;0;;;;
1869;39630;0014;1;10;0;;;;
1870;39631;0043;1;15;0;;;;
1871;39632;0003;5;15;0;;;;
1872;39632;0035;1;9;0;;;;
1873;39633;0001;1;15;0;;;;
1874;39633;0014;1;10;0;;;;
1875;39634;0044;1;15;0;;;;
1876;39635;0003;4;15;0;;;;
1877;39635;0035;1;9;0;PARA SU TRANSCRIPCION;;;
1878;39636;0003;11;15;0;;;;
1879;39636;0035;1;9;0;;;;
1880;39637;0001;1;15;0;;;;
1881;39637;0014;1;10;0;;;;
1882;39638;0003;2;15;0;;;;
1883;39638;0035;1;9;0;;;;
1884;39639;0040;1;15;0;;;;
1885;39640;0043;1;15;0;;;;
1886;39640;0009;1;0.2;0;;;;
1887;39641;0001;1;15;0;;;;
1888;39641;0014;1;10;0;;;;
1889;39642;0001;1;15;0;;;;
1890;39642;0014;1;10;0;;;;
1891;39643;0003;2;15;0;;;;
1892;39643;0035;1;9;0;;;;
1893;39644;0003;3;15;0;;;;
1894;39644;0035;1;9;0;;;;
1895;39645;0003;2;15;0;;;;
1896;39645;0035;1;9;0;;;;
1897;39646;0001;1;15;0;;;;
1898;39646;0014;1;10;0;;;;
1899;39647;0003;2;15;0;;;;
1900;39647;0035;1;9;0;;;;
1901;39648;0001;1;15;0;;;;
1902;39648;0021;1;10;0;;;;
1903;39649;0001;1;15;0;;;;
1904;39649;0014;1;10;0;;;;
1905;39650;0001;1;15;0;;;;
1906;39650;0014;1;10;0;;;;
1907;39651;0001;1;15;0;;;;
1908;39651;0014;1;10;0;;;;
1909;39652;0044;1;15;0;;;;
1910;39653;0001;1;15;0;;;;
1911;39653;0014;1;10;0;;;;
1912;39654;0023;1;10;0;NOTARIO HUMBERTO YAURI AÑO-1985;;;
1913;39655;0001;1;15;0;;;;
1914;39655;0014;1;10;0;;;;
1915;39656;0015;1;10;0;;;;
1916;39656;0001;1;15;0;;;;
1917;39657;0001;1;15;0;;;;
1918;39657;0014;1;10;0;;;;
1919;39658;0001;1;15;0;;;;
1920;39658;0021;1;10;0;;;;
1921;39659;0001;1;15;0;;;;
1922;39659;0014;1;10;0;;;;
1923;39661;0003;3;15;0;;;;
1924;39661;0035;1;9;0;;;;
1925;39662;0003;3;15;0;;;;
1926;39662;0035;1;9;0;;;;
1927;39663;0003;3;15;0;;;;
1928;39663;0035;1;9;0;;;;
1929;39664;0001;1;15;0;;;;
1930;39664;0014;1;10;0;;;;
1931;39666;0001;1;15;0;;;;
1932;39666;0014;1;10;0;;;;
1933;39667;0001;1;15;0;;;;
1934;39667;0014;1;10;0;;;;
1935;39668;0001;1;15;0;;;;
1936;39668;0021;1;10;0;;;;
1937;39669;0001;1;15;0;;;;
1938;39669;0014;1;10;0;;;;
1939;39670;0001;1;15;0;;;;
1940;39670;0014;1;10;0;;;;
1941;39671;0001;1;15;0;;;;
1942;39671;0014;1;10;0;;;;
1943;39672;0001;1;15;0;;;;
1944;39672;0014;1;10;0;;;;
1945;39673;0001;1;15;0;;;;
1946;39673;0014;1;10;0;;;;
1947;39674;0001;1;15;0;;;;
1948;39674;0014;1;10;0;;;;
1949;39675;0003;4;15;0;;;;
1950;39675;0035;1;9;0;;;;
1951;39676;0001;1;15;0;;;;
1952;39676;0014;1;10;0;;;;
1953;39677;0001;1;15;0;;;;
1954;39677;0014;1;10;0;;;;
1955;39678;0003;2;15;0;;;;
1956;39678;0035;1;9;0;;;;
1957;39679;0003;4;15;0;;;;
1958;39679;0035;1;9;0;;;;
1959;39680;0003;3;15;0;;;;
1960;39680;0035;1;9;0;;;;
1961;39681;0003;2;15;0;;;;
1962;39681;0035;1;9;0;;;;
1963;39682;0003;6;15;0;;;;
1964;39682;0035;1;9;0;;;;
1965;39683;0001;1;15;0;;;;
1966;39683;0014;1;10;0;;;;
1967;39684;0009;3;0.2;0;;;;
1968;39685;0001;1;15;0;;;;
1969;39685;0014;1;10;0;;;;
1970;39686;0001;1;15;0;;;;
1971;39686;0014;1;10;0;;;;
1972;39687;0001;1;15;0;;;;
1973;39687;0014;1;10;0;;;;
1974;39689;0003;2;15;0;;;;
1975;39689;0035;1;9;0;;;;
1976;39690;0003;3;15;0;;;;
1977;39690;0035;1;9;0;;;;
1978;39691;0001;1;15;0;;;;
1979;39691;0014;1;10;0;;;;
1980;39692;0001;1;15;0;;;;
1981;39692;0014;1;10;0;;;;
1982;39693;0003;3;15;0;;;;
1983;39693;0035;1;9;0;;;;
1984;39694;0003;4;15;0;;;;
1985;39694;0035;1;9;0;;;;
1986;39695;0001;1;15;0;;;;
1987;39695;0014;1;10;0;;;;
1988;39696;0001;1;15;0;;;;
1989;39696;0014;1;10;0;;;;
1990;39697;0001;1;15;0;;;;
1991;39697;0014;1;10;0;;;;
1992;39698;0040;1;15;0;;;;
1993;39699;0001;1;15;0;;;;
1994;39699;0014;1;10;0;;;;
1995;39700;0001;1;15;0;;;;
1996;39700;0014;1;10;0;;;;
1997;39701;0003;4;15;0;;;;
1998;39701;0035;1;9;0;;;;
1999;39703;0040;1;15;0;;;;
2000;39704;0003;5;15;0;;;;
2001;39704;0035;1;9;0;;;;
2002;39705;0003;2;15;0;;;;
2003;39705;0035;1;9;0;;;;
2004;39706;0001;1;15;0;;;;
2005;39706;0014;1;10;0;;;;
2006;39707;0001;1;15;0;;;;
2007;39707;0014;1;10;0;;;;
2008;39708;0001;1;15;0;;;;
2009;39708;0014;1;10;0;;;;
2010;39709;0023;1;10;0;NOTARIO ROLANDO ROJAS ARROYO -AÑO-1984;;;
2011;39710;0023;1;10;0;NOTARIO RAUL PEÑA MARTINEZ-AÑO-1989;;;
2012;39711;0023;1;10;0;NOTARIO RAUL H PEÑA MARTINEZ AÑO-1989;;;
2013;39712;0023;1;10;0;NOTARIO RAUL PEÑA MARTIÑEZ -1994;;;
2014;39713;0001;1;15;0;;;;
2015;39713;0014;1;10;0;;;;
2016;39715;0001;1;15;0;;;;
2017;39715;0014;1;10;0;;;;
2018;39716;0001;1;15;0;;;;
2019;39716;0014;1;10;0;;;;
2020;39717;0023;1;10;0;NOTARIO RAUL H. PEÑA MARTINEZ;;;
2021;39718;0023;1;10;0;;;;
2022;39719;0023;1;10;0;NOTARIO RAUL H. PENA MARTINEZ;;;
2023;39720;0023;1;10;0;NOTARIO RAUL H. PEÑA MARTINEZ;;;
2024;39721;0001;1;15;0;;;;
2025;39721;0014;1;10;0;;;;
2026;39722;0001;1;15;0;;;;
2027;39722;0014;1;10;0;;;;
2028;39723;0001;1;15;0;;;;
2029;39723;0014;1;10;0;;;;
2030;39724;0001;1;15;0;;;;
2031;39724;0014;1;10;0;;;;
2032;39725;0001;1;15;0;;;;
2033;39725;0014;1;10;0;;;;
2034;39726;0001;1;15;0;;;;
2035;39726;0014;1;10;0;;;;
2036;39727;0001;1;15;0;;;;
2037;39727;0014;1;10;0;;;;
2038;39728;0001;1;15;0;;;;
2039;39728;0014;1;10;0;;;;
2040;39730;0003;3;15;0;;;;
2041;39730;0035;1;9;0;;;;
2042;39732;0001;1;15;0;;;;
2043;39732;0014;1;10;0;;;;
2044;39733;0001;1;15;0;;;;
2045;39733;0014;1;10;0;;;;
2046;39734;0003;5;15;0;;;;
2047;39734;0035;1;9;0;;;;
2048;39735;0038;1;15;0;;;;
2049;39736;0001;1;15;0;;;;
2050;39736;0014;1;10;0;;;;
2051;39737;0001;1;15;0;;;;
2052;39737;0014;1;10;0;;;;
2053;39738;0003;6;15;0;;;;
2054;39738;0035;1;9;0;;;;
2055;39739;0003;2;15;0;;;;
2056;39739;0035;1;9;0;;;;
2057;39741;0003;4;15;0;;;;
2058;39741;0035;1;9;0;PARA SU TRANSCRIPCION;;;
2059;39742;0003;2;15;0;;;;
2060;39742;0035;1;9;0;;;;
2061;39743;0001;1;15;0;;;;
2062;39743;0021;1;10;0;;;;
2063;39744;0040;1;15;0;;;;
2064;39745;0001;1;15;0;;;;
2065;39745;0014;1;10;0;;;;
2066;39746;0001;1;15;0;;;;
2067;39746;0014;1;10;0;;;;
2068;39747;0001;1;15;0;;;;
2069;39747;0014;1;10;0;;;;
2070;39748;0001;1;15;0;;;;
2071;39748;0014;1;10;0;;;;
2072;39749;0001;1;15;0;;;;
2073;39749;0014;1;10;0;;;;
2074;39750;0001;1;15;0;;;;
2075;39750;0014;1;10;0;;;;
2076;39751;0040;1;15;0;;;;
2077;39752;0001;1;15;0;;;;
2078;39752;0014;1;10;0;;;;
2079;39753;0001;1;15;0;;;;
2080;39753;0014;1;10;0;;;;
2081;39754;0001;1;15;0;;;;
2082;39754;0014;1;10;0;;;;
2083;39755;0001;1;15;0;;;;
2084;39755;0014;1;10;0;;;;
2085;39756;0003;3;15;0;;;;
2086;39756;0035;1;9;0;;;;
2087;39757;0001;1;15;0;;;;
2088;39757;0014;1;10;0;;;;
2089;39758;0001;1;15;0;;;;
2090;39758;0014;1;10;0;;;;
2091;39759;0001;1;15;0;;;;
2092;39759;0014;1;10;0;;;;
2093;39760;0001;1;15;0;;;;
2094;39760;0014;1;10;0;;;;
2095;39761;0003;4;15;0;;;;
2096;39762;0001;1;15;0;;;;
2097;39762;0014;1;10;0;;;;
2098;39763;0001;1;15;0;;;;
2099;39763;0014;1;10;0;;;;
2100;39765;0003;3;15;0;;;;
2101;39765;0035;1;9;0;;;;
2102;39766;0001;1;15;0;;;;
2103;39766;0014;1;10;0;;;;
2104;39767;0001;1;15;0;;;;
2105;39767;0014;1;10;0;;;;
2106;39768;0001;1;15;0;;;;
2107;39768;0019;1;10;0;;;;
2108;39769;0001;1;15;0;;;;
2109;39769;0019;1;10;0;;;;
2110;39770;0003;4;15;0;;;;
2111;39770;0035;1;9;0;;;;
2112;39771;0003;3;15;0;;;;
2113;39771;0035;1;9;0;;;;
2114;39772;0001;1;15;0;;;;
2115;39772;0014;1;10;0;;;;
2116;39774;0003;3;15;0;;;;
2117;39774;0035;1;9;0;;;;
2118;39775;0001;1;15;0;;;;
2119;39775;0014;1;10;0;;;;
2120;39776;0001;1;15;0;;;;
2121;39776;0014;1;10;0;;;;
2122;39777;0003;2;15;0;;;;
2123;39777;0035;1;9;0;;;;
2124;39778;0001;1;15;0;;;;
2125;39778;0014;1;10;0;;;;
2126;39779;0003;5;15;0;;;;
2127;39780;0001;1;15;0;;;;
2128;39780;0014;1;10;0;;;;
2129;39781;0001;1;15;0;;;;
2130;39781;0014;1;10;0;;;;
2131;39783;0001;1;15;0;;;;
2132;39783;0014;1;10;0;;;;
2133;39785;0009;4;0.2;0;;;;
2134;39786;0001;1;15;0;;;;
2135;39786;0014;1;10;0;;;;
2136;39787;0003;5;15;0;;;;
2137;39787;0035;1;9;0;;;;
2138;39788;0003;3;15;0;;;;
2139;39788;0035;1;9;0;;;;
2140;39789;0003;3;15;0;;;;
2141;39789;0035;1;9;0;;;;
2142;39790;0001;1;15;0;;;;
2143;39790;0014;1;10;0;;;;
2144;39791;0001;2;15;0;;;;
2145;39791;0035;1;9;0;;;;
2146;39792;0001;1;15;0;;;;
2147;39792;0014;1;10;0;;;;
2148;39793;0013;3;15;0;;;;
2149;39794;0013;1;15;0;;;;
2150;39795;0013;2;15;0;;;;
2151;39796;0001;1;15;0;;;;
2152;39796;0014;1;10;0;;;;
2153;39797;0003;3;15;0;;;;
2154;39797;0035;1;9;0;;;;
2155;39798;0001;1;15;0;;;;
2156;39798;0014;1;10;0;;;;
2157;39799;0003;2;15;0;;;;
2158;39799;0035;1;9;0;;;;
2159;39800;0003;5;15;0;;;;
2160;39800;0035;1;9;0;;;;
2161;39801;0001;1;15;0;;;;
2162;39801;0014;1;10;0;;;;
2163;39802;0009;3;0.2;0;;;;
2164;39803;0003;3;15;0;;;;
2165;39803;0035;1;9;0;;;;
2166;39804;0003;2;15;0;;;;
2167;39805;0001;1;15;0;;;;
2168;39805;0014;1;10;0;;;;
2169;39806;0001;1;15;0;;;;
2170;39806;0014;1;10;0;;;;
2171;39807;0003;3;15;0;;;;
2172;39808;0001;1;15;0;;;;
2173;39808;0014;1;10;0;;;;
2174;39809;0003;2;15;0;;;;
2175;39809;0035;1;9;0;;;;
2176;39810;0001;1;15;0;;;;
2177;39810;0014;1;10;0;;;;
2178;39811;0001;1;15;0;;;;
2179;39811;0008;1;10;0;SOLICITANTE :BARAHONA  VALERO FABIANO VERILO;;;
2180;39812;0001;1;15;0;;;;
2181;39812;0014;1;10;0;;;;
2182;39813;0001;1;15;0;;;;
2183;39813;0014;1;10;0;;;;
2184;39814;0001;1;15;0;;;;
2185;39814;0014;1;10;0;;;;
2186;39815;0001;1;15;0;;;;
2187;39815;0014;1;10;0;;;;
2188;39816;0001;1;15;0;;;;
2189;39816;0014;1;10;0;;;;
2190;39818;0003;3;15;0;;;;
2191;39818;0035;1;9;0;;;;
2192;39819;0001;1;15;0;;;;
2193;39819;0014;1;10;0;;;;
2194;39821;0003;2;15;0;;;;
2195;39821;0035;1;9;0;;;;
2196;39822;0001;1;15;0;;;;
2197;39822;0014;1;10;0;;;;
2198;39824;0003;3;15;0;;;;
2199;39824;0035;1;9;0;;;;
2200;39825;0001;1;15;0;;;;
2201;39825;0014;1;10;0;;;;
2202;39826;0003;2;15;0;;;;
2203;39826;0035;1;9;0;;;;
2204;39827;0003;3;15;0;;;;
2205;39828;0003;2;15;0;;;;
2206;39828;0035;1;9;0;;;;
2207;39829;0001;1;15;0;;;;
2208;39829;0014;1;10;0;;;;
2209;39830;0001;1;15;0;;;;
2210;39830;0014;1;10;0;;;;
2211;39831;0001;1;15;0;;;;
2212;39831;0014;1;10;0;;;;
2213;39832;0003;3;15;0;;;;
2214;39832;0035;1;9;0;;;;
2215;39833;0003;2;15;0;;;;
2216;39833;0035;1;9;0;;;;
2217;39834;0003;3;15;0;;;;
2218;39834;0035;1;9;0;;;;
2219;39835;0001;1;15;0;;;;
2220;39835;0014;1;10;0;;;;
2221;39836;0043;23;15;0;;;;
2222;39836;0009;1;0.2;0;;;;
2223;39837;0001;1;15;0;;;;
2224;39837;0014;1;10;0;;;;
2225;39838;0001;1;15;0;;;;
2226;39838;0014;1;10;0;;;;
2227;39839;0001;1;15;0;;;;
2228;39839;0014;1;10;0;;;;
2229;39840;0001;1;15;0;;;;
2230;39840;0014;1;10;0;;;;
2231;39841;0001;1;15;0;;;;
2232;39841;0014;1;10;0;;;;
2233;39842;0001;1;15;0;;;;
2234;39842;0014;1;10;0;;;;
2235;39843;0001;1;15;0;;;;
2236;39843;0014;1;10;0;;;;
2237;39844;0003;2;15;0;;;;
2238;39844;0035;1;9;0;;;;
2239;39846;0003;3;15;0;;;;
2240;39846;0035;1;9;0;;;;
2241;39847;0001;1;15;0;;;;
2242;39847;0014;1;10;0;;;;
2243;39848;0003;15;15;0;;;;
2244;39848;0035;1;9;0;;;;
2245;39849;0023;1;10;0;NOTARIO  GUILLERMO  HERRERA  ALLENDE AÑO-1930;;;
2246;39850;0003;3;15;0;;;;
2247;39850;0035;1;9;0;;;;
2248;39851;0044;1;15;0;;;;
2249;39852;0001;1;15;0;;;;
2250;39852;0014;1;10;0;;;;
2251;39853;0001;1;15;0;;;;
2252;39853;0014;1;10;0;;;;
2253;39854;0001;1;15;0;;;;
2254;39854;0014;1;10;0;;;;
2255;39855;0023;1;10;0;NOTARIO  BERAMENDI AÑO 2009;;;
2256;39856;0023;1;10;0;NOTARIO-1945 NOTARIO SANTIAGO  PEÑA QUINTANA;;;
2257;39857;0001;1;15;0;;;;
2258;39857;0014;1;10;0;;;;
2259;39858;0001;1;15;0;;;;
2260;39858;0014;1;10;0;;;;
2261;39859;0003;3;15;0;;;;
2262;39859;0035;1;9;0;;;;
2263;39860;0003;3;15;0;;;;
2264;39860;0035;1;9;0;;;;
2265;39861;0003;2;15;0;;;;
2266;39861;0035;1;9;0;;;;
2267;39862;0001;1;15;0;;;;
2268;39862;0014;1;10;0;;;;
2269;39863;0001;1;15;0;;;;
2270;39863;0014;1;10;0;;;;
2271;39864;0001;1;15;0;;;;
2272;39864;0014;1;10;0;S;;;
2273;39865;0001;1;15;0;;;;
2274;39865;0014;1;10;0;;;;
2275;39866;0001;1;15;0;;;;
2276;39866;0014;1;10;0;;;;
2277;39867;0001;1;15;0;;;;
2278;39867;0014;1;10;0;;;;
2279;39868;0001;1;15;0;;;;
2280;39868;0014;1;10;0;;;;
2281;39869;0001;1;15;0;;;;
2282;39869;0014;1;10;0;;;;
2283;39870;0001;1;15;0;;;;
2284;39870;0014;1;10;0;;;;
2285;39871;0001;1;15;0;;;;
2286;39871;0014;1;10;0;;;;
2287;39872;0003;3;15;0;;;;
2288;39872;0035;1;9;0;;;;
2289;39873;0001;1;15;0;;;;
2290;39873;0014;1;10;0;;;;
2291;39874;0001;1;15;0;;;;
2292;39874;0014;1;10;0;;;;
2293;39875;0001;1;15;0;;;;
2294;39875;0014;1;10;0;;;;
2295;39876;0003;3;15;0;;;;
2296;39876;0035;1;9;0;;;;
2297;39878;0013;2;15;0;;;;
2298;39879;0013;3;15;0;;;;
2299;39880;0001;1;15;0;;;;
2300;39880;0014;1;10;0;;;;
2301;39881;0001;1;15;0;;;;
2302;39881;0014;1;10;0;;;;
2303;39882;0001;1;15;0;;;;
2304;39882;0014;1;10;0;;;;
2305;39883;0013;2;15;0;;;;
2306;39884;0001;1;15;0;;;;
2307;39884;0014;1;10;0;;;;
2308;39885;0001;1;15;0;;;;
2309;39885;0014;1;10;0;;;;
2310;39886;0001;1;15;0;;;;
2311;39886;0014;1;10;0;;;;
2312;39887;0009;4;0.2;0;;;;
2313;39888;0001;1;15;0;;;;
2314;39888;0018;1;10;0;;;;
2315;39889;0023;1;10;0;NOTARIAO ROLANDO ROJAS ARROYO-AÑO 1967;;;
2316;39890;0001;1;15;0;;;;
2317;39890;0014;1;10;0;;;;
2318;39891;0001;1;15;0;;;;
2319;39891;0014;1;10;0;;;;
2320;39892;0001;1;15;0;;;;
2321;39892;0014;1;10;0;;;;
2322;39893;0001;1;15;0;;;;
2323;39893;0014;1;10;0;;;;
2324;39894;0001;1;15;0;;;;
2325;39894;0014;1;10;0;;;;
2326;39895;0001;1;15;0;;;;
2327;39895;0014;1;10;0;;;;
2328;39896;0013;4;15;0;;;;
2329;39897;0001;1;15;0;;;;
2330;39897;0014;1;10;0;;;;
2331;39898;0001;1;15;0;;;;
2332;39898;0014;1;10;0;;;;
2333;39899;0001;1;15;0;;;;
2334;39899;0014;1;10;0;;;;
2335;39900;0003;2;15;0;;;;
2336;39900;0035;1;9;0;;;;
2337;39901;0003;3;15;0;;;;
2338;39901;0035;1;9;0;;;;
2339;39902;0001;1;15;0;;;;
2340;39902;0014;1;10;0;;;;
2341;39904;0003;3;15;0;;;;
2342;39904;0035;1;9;0;;;;
2343;39905;0003;3;15;0;;;;
2344;39906;0001;1;15;0;;;;
2345;39906;0014;1;10;0;;;;
2346;39907;0001;1;15;0;;;;
2347;39907;0014;1;10;0;;;;
2348;39908;0001;1;15;0;;;;
2349;39908;0014;1;10;0;;;;
2350;39909;0001;1;15;0;;;;
2351;39909;0014;1;10;0;;;;
2352;39910;0003;3;15;0;;;;
2353;39910;0035;1;9;0;;;;
2354;39911;0001;1;15;0;;;;
2355;39911;0014;1;10;0;;;;
2356;39912;0001;1;15;0;;;;
2357;39912;0014;1;10;0;;;;
2358;39913;0003;2;15;0;;;;
2359;39913;0035;1;9;0;;;;
2360;39914;0003;4;15;0;;;;
2361;39914;0035;1;9;0;;;;
2362;39915;0003;2;15;0;;;;
2363;39915;0035;1;9;0;;;;
2364;39916;0003;2;15;0;;;;
2365;39916;0035;1;9;0;;;;
2366;39917;0003;3;15;0;;;;
2367;39917;0035;1;9;0;;;;
2368;39918;0003;3;15;0;;;;
2369;39918;0035;1;9;0;;;;
2370;39919;0003;3;15;0;;;;
2371;39919;0035;1;9;0;;;;
2372;39920;0001;1;15;0;;;;
2373;39920;0014;1;10;0;;;;
2374;39921;0001;1;15;0;;;;
2375;39921;0014;1;10;0;;;;
2376;39922;0001;1;15;0;;;;
2377;39922;0014;1;10;0;;;;
2378;39923;0003;4;15;0;;;;
2379;39923;0035;1;9;0;;;;
2380;39924;0003;4;15;0;;;;
2381;39924;0035;1;9;0;;;;
2382;39925;0001;1;15;0;;;;
2383;39925;0021;1;10;0;;;;
2384;39926;0001;1;15;0;;;;
2385;39926;0014;1;10;0;;;;
2386;39927;0023;1;10;0;NOTARIO  ANIBAL MACASSI AÑO-1988;;;
2387;39928;0001;1;15;0;;;;
2388;39928;0014;1;10;0;;;;
2389;39929;0001;1;15;0;;;;
2390;39929;0014;1;10;0;;;;
2391;39930;0003;2;15;0;;;;
2392;39931;0003;2;15;0;;;;
2393;39931;0035;1;9;0;;;;
2394;39932;0001;1;15;0;;;;
2395;39932;0014;1;10;0;;;;
2396;39933;0001;1;15;0;;;;
2397;39933;0014;1;10;0;;;;
2398;39934;0001;1;15;0;;;;
2399;39934;0014;1;10;0;;;;
2400;39935;0001;1;15;0;;;;
2401;39935;0014;1;10;0;;;;
2402;39936;0001;1;15;0;;;;
2403;39936;0014;1;10;0;;;;
2404;39937;0001;1;15;0;;;;
2405;39937;0014;1;10;0;;;;
2406;39938;0003;4;15;0;;;;
2407;39938;0035;1;9;0;;;;
2408;39939;0003;3;15;0;;;;
2409;39939;0035;1;9;0;;;;
2410;39940;0003;2;15;0;;;;
2411;39940;0035;1;9;0;;;;
2412;39941;0001;1;15;0;;;;
2413;39941;0014;1;10;0;;;;
2414;39942;0001;1;15;0;;;;
2415;39942;0014;1;10;0;;;;
2416;39944;0003;4;15;0;;;;
2417;39945;0003;4;15;0;;;;
2418;39947;0003;3;15;0;;;;
2419;39947;0035;1;9;0;;;;
2420;39948;0001;1;15;0;;;;
2421;39948;0014;1;10;0;;;;
2422;39949;0014;1;10;0;;;;
2423;39949;0001;1;15;0;;;;
2424;39950;0001;1;15;0;;;;
2425;39950;0014;1;10;0;;;;
2426;39951;0023;1;10;0;;;;
2427;39952;0001;1;15;0;;;;
2428;39952;0014;1;10;0;;;;
2429;39953;0003;4;15;0;;;;
2430;39953;0035;1;9;0;;;;
2431;39954;0009;500;0.2;0;;;;
2432;39955;0001;1;15;0;;;;
2433;39955;0021;1;10;0;;;;
2434;39956;0003;2;15;0;;;;
2435;39956;0035;1;9;0;;;;
2436;39957;0001;1;15;0;;;;
2437;39957;0014;1;10;0;;;;
2438;39958;0001;1;15;0;;;;
2439;39958;0014;1;10;0;;;;
2440;39959;0003;3;15;0;;;;
2441;39959;0035;1;9;0;;;;
2442;39961;0001;1;15;0;;;;
2443;39961;0014;1;10;0;;;;
2444;39962;0003;2;15;0;;;;
2445;39962;0035;1;9;0;;;;
2446;39963;0001;1;15;0;;;;
2447;39963;0014;1;10;0;;;;
2448;39964;0003;4;15;0;;;;
2449;39964;0035;1;9;0;;;;
2450;39965;0003;3;15;0;;;;
2451;39965;0035;1;9;0;;;;
2452;39966;0001;1;15;0;;;;
2453;39966;0014;1;10;0;;;;
2454;39967;0001;1;15;0;;;;
2455;39967;0014;1;10;0;;;;
2456;39968;0001;1;15;0;;;;
2457;39968;0014;1;10;0;;;;
2458;39969;0001;1;15;0;;;;
2459;39969;0021;1;10;0;;;;
2460;39970;0001;1;15;0;;;;
2461;39970;0014;1;10;0;;;;
2462;39971;0001;1;15;0;;;;
2463;39971;0014;1;10;0;;;;
2464;39972;0001;1;15;0;;;;
2465;39972;0014;1;10;0;;;;
2466;39973;0001;1;15;0;;;;
2467;39973;0014;1;10;0;;;;
2468;39974;0040;1;15;0;;;;
2469;39975;0001;1;15;0;;;;
2470;39975;0014;1;10;0;;;;
2471;39976;0003;2;15;0;;;;
2472;39976;0035;1;9;0;;;;
2473;39977;0001;1;15;0;;;;
2474;39977;0014;1;10;0;;;;
2475;39978;0001;1;15;0;;;;
2476;39978;0014;1;10;0;;;;
2477;39979;0001;1;15;0;;;;
2478;39979;0014;1;10;0;;;;
2479;39980;0001;1;15;0;;;;
2480;39980;0014;1;10;0;;;;
2481;39981;0014;1;10;0;;;;
2482;39981;0001;1;15;0;;;;
2483;39982;0040;1;15;0;;;;
2484;39983;0003;4;15;0;;;;
2485;39984;0001;1;15;0;;;;
2486;39984;0014;1;10;0;;;;
2487;39985;0001;1;15;0;;;;
2488;39985;0014;1;10;0;;;;
2489;39986;0001;1;15;0;;;;
2490;39986;0014;1;10;0;;;;
2491;39987;0001;1;15;0;;;;
2492;39987;0014;1;10;0;;;;
2493;39988;0001;1;15;0;;;;
2494;39988;0014;1;10;0;;;;
2495;39989;0003;4;15;0;;;;
2496;39989;0035;1;9;0;;;;
2497;39990;0001;1;15;0;;;;
2498;39990;0014;1;10;0;;;;
2499;39991;0001;1;15;0;;;;
2500;39991;0014;1;10;0;;;;
2501;39992;0001;1;15;0;;;;
2502;39992;0014;1;10;0;;;;
2503;39993;0009;7;0.2;0;;;;
2504;39994;0001;1;15;0;;;;
2505;39994;0014;1;10;0;;;;
2506;39995;0001;1;15;0;;;;
2507;39995;0014;1;10;0;;;;
2508;39996;0001;1;15;0;;;;
2509;39996;0014;1;10;0;;;;
2510;39997;0003;2;15;0;;;;
2511;39997;0035;1;9;0;;;;
2512;39998;0003;2;15;0;;;;
2513;39998;0035;1;9;0;;;;
2514;39999;0009;3;0.2;0;;;;
2515;40000;0003;4;15;0;;;;
2516;40000;0035;1;9;0;;;;
2517;40001;0001;1;15;0;;;;
2518;40001;0014;1;10;0;;;;
2519;40002;0001;1;15;0;;;;
2520;40002;0014;1;10;0;;;;
2521;40003;0003;3;15;0;;;;
2522;40003;0035;1;9;0;;;;
2523;40004;0001;1;15;0;;;;
2524;40004;0014;1;10;0;;;;
2525;40005;0001;1;15;0;;;;
2526;40005;0014;1;10;0;;;;
2527;40006;0001;1;15;0;;;;
2528;40006;0014;1;10;0;;;;
2529;40007;0003;2;15;0;;;;
2530;40007;0035;1;9;0;;;;
2531;40008;0001;1;15;0;;;;
2532;40008;0014;1;10;0;;;;
2533;40009;0001;1;15;0;;;;
2534;40009;0014;1;10;0;;;;
2535;40010;0003;3;15;0;;;;
2536;40010;0035;1;9;0;;;;
2537;40011;0001;1;15;0;;;;
2538;40011;0014;1;10;0;;;;
2539;40012;0001;1;15;0;;;;
2540;40012;0014;1;10;0;;;;
2541;40013;0003;3;15;0;;;;
2542;40013;0035;1;9;0;;;;
2543;40015;0001;1;15;0;;;;
2544;40015;0008;1;10;0;SOLICITANTE. MEZA  INGA  FELIX -SEIS CAHUIDE;;;
2545;40016;0001;1;15;0;;;;
2546;40016;0008;1;10;0;SOLICITANTYE .MACHA SERVA ANTONIO HUGO -SEIS CAHUI;;;
2547;40017;0001;1;15;0;;;;
2548;40017;0014;1;10;0;;;;
